scenario,mode,backfill,workers,actors,ring_lines,baseline_frame_p50_us,first_frame_us,second_frame_us,worst_frame_us,frames_over_16ms,peak_inbox,peak_buffer,rss_before_mib,rss_peak_mib,slices,lines_in_rings,delivered,skipped,dropped,cap_skipped,ring_lost,frames_until_quiet,secs_until_quiet
backfill,mail,1,8,1000,1024,1583,86801,144015,144015,2,1000,0,251,368,1001,1024000,4096,1019904,1019904,0,0,2,0.281
backfill,mail,0,8,1000,1024,1375,1373,1325,2069,0,0,0,253,323,0,1024000,0,0,0,0,0,0,0.050
backfill,mailroot,1,8,1000,1024,1516,68197,100970,100970,2,710,0,251,444,1001,1024000,4096,1019904,1019904,0,0,2,0.219
backfill,mailroot,0,8,1000,1024,1544,1926,1667,2121,0,0,0,252,322,0,1024000,0,0,0,0,0,0,0.050
backfill,buffer,1,8,1000,1024,1573,93553,1871,93553,1,0,4096,251,323,0,1024000,256,1023744,1019904,3840,0,2,0.161
backfill,buffer,0,8,1000,1024,1502,1706,1466,2250,0,0,0,252,323,0,1024000,0,0,0,0,0,0,0.050
backfill,shard,1,8,1000,1024,1396,53410,1943,53410,1,0,1024,252,323,0,1024000,256,1023744,1022976,768,0,2,0.121
backfill,shard,0,8,1000,1024,1535,1853,1448,2873,0,0,0,251,323,0,1024000,0,0,0,0,0,0,0.050
backfill,mail,1,8,1000,1024,1346,54583,120315,120315,2,781,0,252,346,1001,1024000,4096,1019904,1019904,0,0,2,0.225
backfill,mail,0,8,1000,1024,1378,2287,1765,2287,0,0,0,252,322,0,1024000,0,0,0,0,0,0,0.050
backfill,mailroot,1,8,1000,1024,1576,69043,95811,95811,2,703,0,252,444,1000,1024000,4096,1019904,1019904,0,0,2,0.215
backfill,mailroot,0,8,1000,1024,1582,1923,1447,2146,0,0,0,251,322,0,1024000,0,0,0,0,0,0,0.050
backfill,buffer,1,8,1000,1024,1554,68063,2220,68063,1,0,4096,251,323,0,1024000,256,1023744,1019904,3840,0,2,0.135
backfill,buffer,0,8,1000,1024,1632,1810,1618,1918,0,0,0,252,321,0,1024000,0,0,0,0,0,0,0.050
backfill,shard,1,8,1000,1024,1543,44422,1672,44422,1,0,1024,252,323,0,1024000,256,1023744,1022976,768,0,2,0.111
backfill,shard,0,8,1000,1024,1533,1874,1556,2158,0,0,0,253,323,0,1024000,0,0,0,0,0,0,0.050
backfill,mail,1,8,1000,1024,1523,72154,137406,137406,2,1000,0,252,381,1001,1024000,4096,1019904,1019904,0,0,2,0.260
backfill,mail,0,8,1000,1024,1539,1794,1729,2042,0,0,0,252,322,0,1024000,0,0,0,0,0,0,0.050
backfill,mailroot,1,8,1000,1024,1590,76979,99403,99403,2,703,0,250,443,1000,1024000,4096,1019904,1019904,0,0,2,0.227
backfill,mailroot,0,8,1000,1024,1589,1808,1648,2164,0,0,0,252,322,0,1024000,0,0,0,0,0,0,0.050
backfill,buffer,1,8,1000,1024,1605,80655,2156,80655,1,0,4096,251,322,0,1024000,256,1023744,1019904,3840,0,2,0.148
backfill,buffer,0,8,1000,1024,1434,2016,1457,2016,0,0,0,253,323,0,1024000,0,0,0,0,0,0,0.050
backfill,shard,1,8,1000,1024,1421,43416,2110,43416,1,0,1024,251,322,0,1024000,256,1023744,1022976,768,0,2,0.110
backfill,shard,0,8,1000,1024,1661,2247,1854,2247,0,0,0,252,322,0,1024000,0,0,0,0,0,0,0.050
backfill,mail,1,8,1000,1024,1570,64001,136388,136388,2,1000,0,252,395,1001,1024000,4096,1019904,1019904,0,0,2,0.251
backfill,mail,0,8,1000,1024,1583,1795,1618,2166,0,0,0,252,322,0,1024000,0,0,0,0,0,0,0.050
backfill,mailroot,1,8,1000,1024,1571,77895,93775,93775,2,671,0,250,443,1000,1024000,4096,1019904,1019904,0,0,2,0.222
backfill,mailroot,0,8,1000,1024,1574,1781,1458,2179,0,0,0,251,322,0,1024000,0,0,0,0,0,0,0.050
backfill,buffer,1,8,1000,1024,1657,108961,1785,108961,1,0,4096,252,323,0,1024000,256,1023745,1019905,3840,0,2,0.176
backfill,buffer,0,8,1000,1024,1627,1930,1777,2149,0,0,0,250,322,0,1024000,0,0,0,0,0,0,0.050
backfill,shard,1,8,1000,1024,972,52240,1752,52240,1,0,1024,251,322,0,1024000,256,1023744,1022976,768,0,2,0.119
backfill,shard,0,8,1000,1024,1707,1997,1700,1997,0,0,0,253,323,0,1024000,0,0,0,0,0,0,0.050
backfill,mail,1,8,1000,1024,1520,70052,109057,109057,2,726,0,253,340,1001,1024000,4096,1019904,1019904,0,0,2,0.229
backfill,mail,0,8,1000,1024,1546,1840,1503,2178,0,0,0,251,322,0,1024000,0,0,0,0,0,0,0.050
backfill,mailroot,1,8,1000,1024,1396,80258,145144,145144,2,1000,0,251,447,1001,1024000,4096,1019904,1019904,0,0,2,0.276
backfill,mailroot,0,8,1000,1024,1505,1722,1523,2280,0,0,0,252,322,0,1024000,0,0,0,0,0,0,0.050
backfill,buffer,1,8,1000,1024,1680,70239,2160,70239,1,0,4096,251,322,0,1024000,256,1023744,1019904,3840,0,2,0.137
backfill,buffer,0,8,1000,1024,1549,1751,1650,1897,0,0,0,252,322,0,1024000,0,0,0,0,0,0,0.050
backfill,shard,1,8,1000,1024,1593,43195,1599,43195,1,0,1024,252,323,0,1024000,256,1023744,1022976,768,0,2,0.110
backfill,shard,0,8,1000,1024,1560,1637,1717,2118,0,0,0,252,322,0,1024000,0,0,0,0,0,0,0.050
