scenario,mode,logpath,workers,actors,handlers,lines,quiet,pace_hz,frames,frame_p50_us,frame_p90_us,frame_p99_us,frame_max_us,wall_s,cpu_s,produced_window,slices_window,gather_ticks_window,gather_tick_ns_mean,gather_tick_ns_max,gather_slice_ns_ewma,console_batches_window,console_lines_window,batch_p50,batch_max,console_ns_per_batch,console_ns_max,inbox_peak,buffer_peak,rss_mib,produced_total,delivered_total,skipped_total,dropped_total,cap_skipped_total,ring_lost_total,foreign_total,unaccounted,drain_frames
steady,nohook,direct,8,100,0,1,100000,0,200,12633,13351,17141,29855,2.5829,18.770,0,0,0,0,0,0,0,0,0,0,0,0,0,0,107.2,0,0,0,0,0,0,0,0,3
steady,off,direct,8,100,0,1,100000,0,200,12576,15174,30355,32729,2.7779,18.450,0,0,0,0,0,0,0,0,0,0,0,0,0,0,107.6,0,0,0,0,0,0,0,0,3
steady,nohook,direct,8,1000,0,1,100000,0,200,13176,13464,14945,18694,2.6477,19.980,0,0,0,0,0,0,0,0,0,0,0,0,0,0,598.4,0,0,0,0,0,0,0,0,3
steady,off,direct,8,1000,0,1,100000,0,200,13114,13502,15336,20245,2.6394,19.860,0,0,0,0,0,0,0,0,0,0,0,0,0,0,600.7,0,0,0,0,0,0,0,0,3
steady,nohook,direct,8,100,100000,1,0,0,200,15712,18340,22160,23490,3.2104,20.190,20000000,0,0,0,0,0,0,0,0,0,0,0,0,0,129.3,26000000,0,0,0,0,0,0,26000000,3
steady,off,direct,8,100,100000,1,0,0,200,15949,25699,42173,43999,3.5893,21.310,20000000,0,0,0,0,0,0,0,0,0,0,0,0,0,132.1,26000000,0,0,0,0,0,0,26000000,3
steady,mail,direct,8,100,0,1,100000,0,200,13363,15212,18267,32378,2.7755,19.270,0,0,200,1111,2324,0,0,0,0,0,0,0,0,0,110.3,0,0,0,0,0,0,0,0,3
steady,buffer,direct,8,100,0,1,100000,0,200,13432,15520,28483,35803,2.8095,19.260,0,0,200,1466,3667,0,0,0,0,0,0,0,0,0,111.3,0,0,0,0,0,0,0,0,3
steady,shard,direct,8,100,0,1,100000,0,200,12959,15366,26738,30010,2.6996,18.380,0,0,200,1577,6362,0,0,0,0,0,0,0,0,0,111.3,0,0,0,0,0,0,0,0,3
steady,nohook,direct,8,100,0,1,100000,0,200,12795,15583,29540,30680,2.8262,18.220,0,0,0,0,0,0,0,0,0,0,0,0,0,0,112.3,0,0,0,0,0,0,0,0,3
steady,off,direct,8,100,0,1,100000,0,200,12559,15170,29992,30862,2.7711,18.360,0,0,0,0,0,0,0,0,0,0,0,0,0,0,111.7,0,0,0,0,0,0,0,0,3
steady,nohook,direct,8,1000,0,1,100000,0,200,13440,14031,14946,15022,2.7032,20.270,0,0,0,0,0,0,0,0,0,0,0,0,0,0,600.2,0,0,0,0,0,0,0,0,3
steady,off,direct,8,1000,0,1,100000,0,200,13364,13795,19269,20549,2.7210,20.340,0,0,0,0,0,0,0,0,0,0,0,0,0,0,602.8,0,0,0,0,0,0,0,0,3
steady,nohook,direct,8,100,100000,1,0,0,200,15405,17916,20873,22085,3.1854,20.070,20000000,0,0,0,0,0,0,0,0,0,0,0,0,0,132.0,26000000,0,0,0,0,0,0,26000000,3
steady,off,direct,8,100,100000,1,0,0,200,15220,18519,35203,46897,3.2405,19.990,20000000,0,0,0,0,0,0,0,0,0,0,0,0,0,137.4,26000000,0,0,0,0,0,0,26000000,3
steady,mail,direct,8,100,0,1,100000,0,200,13421,15320,29469,31192,2.8197,19.410,0,0,200,1174,3958,0,0,0,0,0,0,0,0,0,109.2,0,0,0,0,0,0,0,0,3
steady,buffer,direct,8,100,0,1,100000,0,200,13358,15613,29924,34416,2.8496,19.180,0,0,200,1436,7014,0,0,0,0,0,0,0,0,0,109.0,0,0,0,0,0,0,0,0,3
steady,shard,direct,8,100,0,1,100000,0,200,13285,14340,16263,17714,2.6944,19.230,0,0,200,1443,9158,0,0,0,0,0,0,0,0,0,113.4,0,0,0,0,0,0,0,0,3
steady,nohook,direct,8,100,0,1,100000,0,200,12727,14441,29712,31038,2.6967,18.770,0,0,0,0,0,0,0,0,0,0,0,0,0,0,109.2,0,0,0,0,0,0,0,0,3
steady,off,direct,8,100,0,1,100000,0,200,12648,14109,18476,30857,2.6176,18.750,0,0,0,0,0,0,0,0,0,0,0,0,0,0,106.6,0,0,0,0,0,0,0,0,3
steady,nohook,direct,8,1000,0,1,100000,0,200,13182,13544,15966,19336,2.6689,20.170,0,0,0,0,0,0,0,0,0,0,0,0,0,0,598.6,0,0,0,0,0,0,0,0,3
steady,off,direct,8,1000,0,1,100000,0,200,13189,13590,14994,15194,2.6419,19.850,0,0,0,0,0,0,0,0,0,0,0,0,0,0,599.2,0,0,0,0,0,0,0,0,3
steady,nohook,direct,8,100,100000,1,0,0,200,15318,18030,20390,22944,3.1596,20.200,20000000,0,0,0,0,0,0,0,0,0,0,0,0,0,139.1,26000000,0,0,0,0,0,0,26000000,3
steady,off,direct,8,100,100000,1,0,0,200,15403,17785,20321,24498,3.1561,20.300,20000000,0,0,0,0,0,0,0,0,0,0,0,0,0,134.8,26000000,0,0,0,0,0,0,26000000,3
steady,mail,direct,8,100,0,1,100000,0,200,13340,14507,17324,18364,2.7092,19.330,0,0,200,1037,1633,0,0,0,0,0,0,0,0,0,106.7,0,0,0,0,0,0,0,0,3
steady,buffer,direct,8,100,0,1,100000,0,200,13369,14817,18186,18817,2.7377,19.370,0,0,200,1178,1833,0,0,0,0,0,0,0,0,0,111.1,0,0,0,0,0,0,0,0,3
steady,shard,direct,8,100,0,1,100000,0,200,13341,14590,17941,18425,2.7097,19.370,0,0,200,1563,6802,0,0,0,0,0,0,0,0,0,107.1,0,0,0,0,0,0,0,0,3
steady,nohook,direct,8,100,0,1,100000,0,200,12857,14921,30227,31608,2.7435,18.650,0,0,0,0,0,0,0,0,0,0,0,0,0,0,105.5,0,0,0,0,0,0,0,0,3
steady,off,direct,8,100,0,1,100000,0,200,12640,14615,28887,30415,2.7063,18.590,0,0,0,0,0,0,0,0,0,0,0,0,0,0,109.1,0,0,0,0,0,0,0,0,3
steady,nohook,direct,8,1000,0,1,100000,0,200,13219,13573,15224,18752,2.6516,19.990,0,0,0,0,0,0,0,0,0,0,0,0,0,0,598.1,0,0,0,0,0,0,0,0,3
steady,off,direct,8,1000,0,1,100000,0,200,13219,13553,14659,14815,2.6540,20.040,0,0,0,0,0,0,0,0,0,0,0,0,0,0,599.3,0,0,0,0,0,0,0,0,3
steady,nohook,direct,8,100,100000,1,0,0,200,15549,18258,20306,23059,3.2049,20.370,20000000,0,0,0,0,0,0,0,0,0,0,0,0,0,135.4,26000000,0,0,0,0,0,0,26000000,3
steady,off,direct,8,100,100000,1,0,0,200,15432,17743,20649,21916,3.1422,20.180,20000000,0,0,0,0,0,0,0,0,0,0,0,0,0,131.5,26000000,0,0,0,0,0,0,26000000,3
steady,mail,direct,8,100,0,1,100000,0,200,13454,14732,27553,30909,2.7998,19.460,0,0,200,1120,3286,0,0,0,0,0,0,0,0,0,114.0,0,0,0,0,0,0,0,0,3
steady,buffer,direct,8,100,0,1,100000,0,200,13392,14697,24209,28990,2.7588,19.320,0,0,200,1361,6082,0,0,0,0,0,0,0,0,0,108.1,0,0,0,0,0,0,0,0,3
steady,shard,direct,8,100,0,1,100000,0,200,13252,14236,16063,18425,2.6797,19.350,0,0,200,1660,5891,0,0,0,0,0,0,0,0,0,109.8,0,0,0,0,0,0,0,0,3
steady,nohook,direct,8,100,0,1,100000,0,200,15204,34452,45406,53096,3.9300,18.790,0,0,0,0,0,0,0,0,0,0,0,0,0,0,114.0,0,0,0,0,0,0,0,0,3
steady,off,direct,8,100,0,1,100000,0,200,12715,18225,31766,33219,2.8853,18.200,0,0,0,0,0,0,0,0,0,0,0,0,0,0,107.7,0,0,0,0,0,0,0,0,3
steady,nohook,direct,8,1000,0,1,100000,0,200,13820,15894,17761,19743,2.8427,21.090,0,0,0,0,0,0,0,0,0,0,0,0,0,0,599.8,0,0,0,0,0,0,0,0,3
steady,off,direct,8,1000,0,1,100000,0,200,13075,13619,14384,14547,2.5989,19.490,0,0,0,0,0,0,0,0,0,0,0,0,0,0,597.7,0,0,0,0,0,0,0,0,3
steady,nohook,direct,8,100,100000,1,0,0,200,15764,18433,27952,30292,3.2784,20.760,20000000,0,0,0,0,0,0,0,0,0,0,0,0,0,135.1,26000000,0,0,0,0,0,0,26000000,3
steady,off,direct,8,100,100000,1,0,0,200,15499,18250,20785,23408,3.1779,19.870,20000000,0,0,0,0,0,0,0,0,0,0,0,0,0,133.8,26000000,0,0,0,0,0,0,26000000,3
steady,mail,direct,8,100,0,1,100000,0,200,19733,37297,43808,51904,4.6385,19.700,0,0,200,1577,3025,0,0,0,0,0,0,0,0,0,117.1,0,0,0,0,0,0,0,0,3
steady,buffer,direct,8,100,0,1,100000,0,200,30945,43473,47952,54316,6.1800,20.460,0,0,200,2373,9338,0,0,0,0,0,0,0,0,0,123.5,0,0,0,0,0,0,0,0,3
steady,shard,direct,8,100,0,1,100000,0,200,33173,46573,57458,59006,6.5783,20.580,0,0,200,2864,5410,0,0,0,0,0,0,0,0,0,119.4,0,0,0,0,0,0,0,0,3
steady,nohook,direct,8,100,0,1,100000,0,200,24067,40920,51866,57088,5.4373,19.920,0,0,0,0,0,0,0,0,0,0,0,0,0,0,119.2,0,0,0,0,0,0,0,0,3
steady,off,direct,8,100,0,1,100000,0,200,14111,30787,37195,38600,3.4925,18.360,0,0,0,0,0,0,0,0,0,0,0,0,0,0,114.5,0,0,0,0,0,0,0,0,3
steady,nohook,direct,8,1000,0,1,100000,0,200,13489,15685,16770,23661,2.7801,20.640,0,0,0,0,0,0,0,0,0,0,0,0,0,0,600.4,0,0,0,0,0,0,0,0,3
steady,off,direct,8,1000,0,1,100000,0,200,13119,13775,15294,17545,2.6003,19.450,0,0,0,0,0,0,0,0,0,0,0,0,0,0,602.1,0,0,0,0,0,0,0,0,3
steady,nohook,direct,8,100,100000,1,0,0,200,16020,19116,21348,23331,3.2821,20.550,20000000,0,0,0,0,0,0,0,0,0,0,0,0,0,130.7,26000000,0,0,0,0,0,0,26000000,3
steady,off,direct,8,100,100000,1,0,0,200,15467,19371,42857,45970,3.3592,20.370,20000000,0,0,0,0,0,0,0,0,0,0,0,0,0,129.5,26000000,0,0,0,0,0,0,26000000,3
steady,mail,direct,8,100,0,1,100000,0,200,13324,14640,17829,19242,2.7246,19.280,0,0,200,1007,1603,0,0,0,0,0,0,0,0,0,110.1,0,0,0,0,0,0,0,0,3
steady,buffer,direct,8,100,0,1,100000,0,200,13447,17214,35160,40338,2.9554,19.560,0,0,200,1326,3166,0,0,0,0,0,0,0,0,0,112.2,0,0,0,0,0,0,0,0,3
steady,shard,direct,8,100,0,1,100000,0,200,14543,26734,39352,41463,3.3699,19.230,0,0,200,2260,12744,0,0,0,0,0,0,0,0,0,115.9,0,0,0,0,0,0,0,0,3
steady,nohook,direct,8,100,0,1,100000,0,200,16939,37003,45422,47845,4.4477,19.200,0,0,0,0,0,0,0,0,0,0,0,0,0,0,116.8,0,0,0,0,0,0,0,0,3
steady,off,direct,8,100,0,1,100000,0,200,12904,28524,35146,38610,3.1250,18.390,0,0,0,0,0,0,0,0,0,0,0,0,0,0,114.0,0,0,0,0,0,0,0,0,3
steady,nohook,direct,8,1000,0,1,100000,0,200,13349,13638,13947,15374,2.6764,20.160,0,0,0,0,0,0,0,0,0,0,0,0,0,0,596.9,0,0,0,0,0,0,0,0,3
steady,off,direct,8,1000,0,1,100000,0,200,13153,13452,14005,15294,2.6399,20.020,0,0,0,0,0,0,0,0,0,0,0,0,0,0,597.4,0,0,0,0,0,0,0,0,3
steady,nohook,direct,8,100,100000,1,0,0,200,19102,33644,47317,55389,4.4331,22.630,20000000,0,0,0,0,0,0,0,0,0,0,0,0,0,132.3,26000000,0,0,0,0,0,0,26000000,3
steady,off,direct,8,100,100000,1,0,0,200,15113,18202,21215,23463,3.1290,19.310,20000000,0,0,0,0,0,0,0,0,0,0,0,0,0,129.4,26000000,0,0,0,0,0,0,26000000,3
steady,mail,direct,8,100,0,1,100000,0,200,12921,14365,18465,29783,2.6441,18.400,0,0,200,924,1503,0,0,0,0,0,0,0,0,0,107.3,0,0,0,0,0,0,0,0,3
steady,buffer,direct,8,100,0,1,100000,0,200,12614,13893,16135,19381,2.5696,18.070,0,0,200,1252,2044,0,0,0,0,0,0,0,0,0,109.1,0,0,0,0,0,0,0,0,3
steady,shard,direct,8,100,0,1,100000,0,200,13194,14227,16236,17814,2.6747,19.210,0,0,200,1559,2284,0,0,0,0,0,0,0,0,0,108.7,0,0,0,0,0,0,0,0,3
steady,nohook,direct,8,100,0,1,100000,0,200,12835,30996,44391,50002,3.2975,18.980,0,0,0,0,0,0,0,0,0,0,0,0,0,0,109.5,0,0,0,0,0,0,0,0,3
steady,off,direct,8,100,0,1,100000,0,200,31170,43217,51572,70614,5.9807,19.960,0,0,0,0,0,0,0,0,0,0,0,0,0,0,113.7,0,0,0,0,0,0,0,0,3
steady,nohook,direct,8,1000,0,1,100000,0,200,15870,22296,27829,31062,3.4336,22.470,0,0,0,0,0,0,0,0,0,0,0,0,0,0,606.2,0,0,0,0,0,0,0,0,3
steady,off,direct,8,1000,0,1,100000,0,200,14330,15341,16624,20084,2.8740,21.100,0,0,0,0,0,0,0,0,0,0,0,0,0,0,599.1,0,0,0,0,0,0,0,0,3
steady,nohook,direct,8,100,100000,1,0,0,200,26233,40753,49066,55812,5.5242,24.610,20000000,0,0,0,0,0,0,0,0,0,0,0,0,0,140.0,26000000,0,0,0,0,0,0,26000000,3
steady,off,direct,8,100,100000,1,0,0,200,25722,41353,53527,62710,5.6167,25.500,20000000,0,0,0,0,0,0,0,0,0,0,0,0,0,143.4,26000000,0,0,0,0,0,0,26000000,3
steady,mail,direct,8,100,0,1,100000,0,200,13912,16142,30511,37473,2.9399,19.540,0,0,200,1233,3156,0,0,0,0,0,0,0,0,0,113.1,0,0,0,0,0,0,0,0,3
steady,buffer,direct,8,100,0,1,100000,0,200,14876,19327,37608,39382,3.3047,19.850,0,0,200,1721,11802,0,0,0,0,0,0,0,0,0,112.4,0,0,0,0,0,0,0,0,3
steady,shard,direct,8,100,0,1,100000,0,200,19739,39684,51198,52628,4.7821,20.330,0,0,200,2760,14968,0,0,0,0,0,0,0,0,0,113.8,0,0,0,0,0,0,0,0,3
steady,nohook,direct,8,100,0,1,100000,0,200,15872,32998,39192,46103,3.8821,19.140,0,0,0,0,0,0,0,0,0,0,0,0,0,0,127.2,0,0,0,0,0,0,0,0,3
steady,off,direct,8,100,0,1,100000,0,200,13586,26875,35176,38078,3.2335,17.910,0,0,0,0,0,0,0,0,0,0,0,0,0,0,114.7,0,0,0,0,0,0,0,0,3
steady,nohook,direct,8,1000,0,1,100000,0,200,12532,13459,14828,18588,2.5456,19.010,0,0,0,0,0,0,0,0,0,0,0,0,0,0,600.8,0,0,0,0,0,0,0,0,3
steady,off,direct,8,1000,0,1,100000,0,200,13233,13642,19001,22484,2.6826,20.140,0,0,0,0,0,0,0,0,0,0,0,0,0,0,600.9,0,0,0,0,0,0,0,0,3
steady,nohook,direct,8,100,100000,1,0,0,200,15605,18243,20603,22582,3.2115,20.450,20000000,0,0,0,0,0,0,0,0,0,0,0,0,0,130.6,26000000,0,0,0,0,0,0,26000000,3
steady,off,direct,8,100,100000,1,0,0,200,15600,17921,20693,22127,3.1922,20.080,20000000,0,0,0,0,0,0,0,0,0,0,0,0,0,132.9,26000000,0,0,0,0,0,0,26000000,3
steady,mail,direct,8,100,0,1,100000,0,200,13192,14997,29308,32303,2.7342,18.970,0,0,200,1103,2625,0,0,0,0,0,0,0,0,0,109.3,0,0,0,0,0,0,0,0,3
steady,buffer,direct,8,100,0,1,100000,0,200,13294,15600,29046,30139,2.7901,18.600,0,0,200,1470,2665,0,0,0,0,0,0,0,0,0,110.7,0,0,0,0,0,0,0,0,3
steady,shard,direct,8,100,0,1,100000,0,200,13591,15873,29231,37083,2.8850,19.180,0,0,200,1881,3477,0,0,0,0,0,0,0,0,0,109.3,0,0,0,0,0,0,0,0,3
steady,nohook,direct,8,100,0,1,100000,0,200,12713,14282,29241,30743,2.6949,18.530,0,0,0,0,0,0,0,0,0,0,0,0,0,0,112.7,0,0,0,0,0,0,0,0,3
steady,off,direct,8,100,0,1,100000,0,200,12746,14823,30349,31466,2.7769,18.680,0,0,0,0,0,0,0,0,0,0,0,0,0,0,107.8,0,0,0,0,0,0,0,0,3
steady,nohook,direct,8,1000,0,1,100000,0,200,13345,13748,14545,20400,2.6843,20.180,0,0,0,0,0,0,0,0,0,0,0,0,0,0,601.0,0,0,0,0,0,0,0,0,3
steady,off,direct,8,1000,0,1,100000,0,200,12764,13367,13738,19974,2.5516,19.110,0,0,0,0,0,0,0,0,0,0,0,0,0,0,597.2,0,0,0,0,0,0,0,0,3
steady,nohook,direct,8,100,100000,1,0,0,200,16102,19010,22993,23403,3.2977,20.580,20000000,0,0,0,0,0,0,0,0,0,0,0,0,0,130.5,26000000,0,0,0,0,0,0,26000000,3
steady,off,direct,8,100,100000,1,0,0,200,16815,20131,24350,27584,3.4601,21.050,20000000,0,0,0,0,0,0,0,0,0,0,0,0,0,133.8,26000000,0,0,0,0,0,0,26000000,3
steady,mail,direct,8,100,0,1,100000,0,200,13402,15465,17752,29301,2.7611,19.020,0,0,200,1202,1863,0,0,0,0,0,0,0,0,0,104.8,0,0,0,0,0,0,0,0,3
steady,buffer,direct,8,100,0,1,100000,0,200,13231,14380,16135,18115,2.6888,19.320,0,0,200,1256,2434,0,0,0,0,0,0,0,0,0,108.3,0,0,0,0,0,0,0,0,3
steady,shard,direct,8,100,0,1,100000,0,200,13614,15239,29126,30560,2.8282,19.550,0,0,200,1902,7525,0,0,0,0,0,0,0,0,0,107.9,0,0,0,0,0,0,0,0,3
