row,mode,logpath,actors,loopers,t_s,phase,inbox_depth,buffer_occupancy,gather_pending,rss_mib,frames_done,frame_in_progress_ms,worst_frame_ms,produced,delivered,skipped
row,mode,logpath,workers,actors,loopers,flood_secs,flood_ended_by,baseline_frame_p50_us,flood_frames,flood_frame_p50_us,flood_frame_max_us,produced_per_sec,peak_inbox,peak_buffer,peak_rss_mib,start_rss_mib,backlog_zero_after_s,frame_time_back_after_s,produced_total,delivered_total,skipped_total,dropped_total,cap_skipped_total,ring_lost_total,foreign_total,unaccounted
T,off,direct,1000,4,1.00,baseline,0,0,0,23,59,13.2,0.1,0,0,0
T,off,direct,1000,4,2.00,baseline,0,0,0,23,119,9.7,0.1,0,0,0
T,off,direct,1000,4,3.00,flood,0,0,0,41,179,6.1,0.7,2783444,0,0
T,off,direct,1000,4,4.00,flood,0,0,0,41,239,2.6,0.1,5663629,0,0
T,off,direct,1000,4,5.00,flood,0,0,0,41,298,15.9,0.1,8490732,0,0
T,off,direct,1000,4,6.00,flood,0,0,0,41,358,12.5,0.1,11424808,0,0
T,off,direct,1000,4,7.00,flood,0,0,0,41,418,9.0,0.1,14262643,0,0
T,off,direct,1000,4,8.00,flood,0,0,0,41,478,5.6,0.2,17107274,0,0
T,off,direct,1000,4,9.00,flood,0,0,0,41,538,2.2,0.1,19967759,0,0
T,off,direct,1000,4,10.00,flood,0,0,0,41,597,15.5,0.1,22777585,0,0
T,off,direct,1000,4,11.00,flood,0,0,0,41,657,12.0,0.1,25591852,0,0
T,off,direct,1000,4,12.00,flood,0,0,0,41,717,8.7,0.1,28434491,0,0
T,off,direct,1000,4,13.00,flood,0,0,0,42,777,5.1,0.1,31303467,0,0
T,off,direct,1000,4,14.00,flood,0,0,0,42,837,1.6,0.1,34139195,0,0
T,off,direct,1000,4,15.00,flood,0,0,0,42,896,14.9,0.1,36974898,0,0
T,off,direct,1000,4,16.00,flood,0,0,0,42,956,10.6,0.1,39824534,0,0
T,off,direct,1000,4,17.00,flood,0,0,0,42,1016,6.0,0.1,42639015,0,0
T,off,direct,1000,4,18.00,flood,0,0,0,42,1076,1.4,0.1,45512962,0,0
T,off,direct,1000,4,19.00,flood,0,0,0,42,1135,13.5,0.1,48333647,0,0
T,off,direct,1000,4,20.00,flood,0,0,0,42,1195,8.9,0.1,51158166,0,0
T,off,direct,1000,4,21.00,flood,0,0,0,42,1255,4.3,0.1,53940471,0,0
T,off,direct,1000,4,22.00,flood,0,0,0,42,1314,16.4,0.1,56716237,0,0
T,off,direct,1000,4,23.00,flood,0,0,0,42,1374,11.8,0.1,59509109,0,0
T,off,direct,1000,4,24.00,flood,0,0,0,42,1434,7.3,0.1,62348284,0,0
T,off,direct,1000,4,25.00,flood,0,0,0,42,1494,2.7,0.1,65197958,0,0
T,off,direct,1000,4,26.00,flood,0,0,0,42,1553,14.9,0.1,68005786,0,0
T,off,direct,1000,4,27.00,flood,0,0,0,42,1613,10.3,0.1,70806046,0,0
T,off,direct,1000,4,28.00,flood,0,0,0,42,1673,5.9,0.2,73573820,0,0
T,off,direct,1000,4,29.00,flood,0,0,0,42,1733,2.2,0.1,76366714,0,0
T,off,direct,1000,4,30.00,flood,0,0,0,42,1792,14.3,0.1,79179531,0,0
T,off,direct,1000,4,31.00,flood,0,0,0,42,1852,10.4,0.1,82001133,0,0
T,off,direct,1000,4,32.00,flood,0,0,0,42,1912,7.2,0.1,84778234,0,0
T,off,direct,1000,4,33.00,recover,0,0,0,42,1943,0.0,0.1,84805927,0,0
S,off,direct,8,1000,4,30.01,time,54,1793,57,673,2826230,0,0,41,23,0.017,0.000,84805927,0,0,0,0,0,0,84805927
T,mail,direct,1000,4,1.00,baseline,0,0,0,23,59,12.5,0.1,0,0,0
T,mail,direct,1000,4,2.00,baseline,0,0,0,23,119,7.8,0.1,0,0,0
T,mail,direct,1000,4,3.00,flood,676956,0,0,338,126,291.7,365.7,1265773,20479,382772
T,mail,direct,1000,4,4.00,flood,1290791,0,0,603,127,579.1,712.7,2567245,24575,864079
T,mail,direct,1000,4,5.00,flood,1897102,0,0,863,128,279.2,1300.0,3877045,28671,1778187
T,mail,direct,1000,4,6.00,flood,2461737,0,0,1104,128,1279.4,0.0,5166630,28671,1778187
T,mail,direct,1000,4,7.00,flood,3023255,0,0,1344,128,2279.5,0.0,6452099,28671,1778187
T,mail,direct,1000,4,8.00,flood,3632005,0,0,1605,129,878.7,2400.9,7757830,32767,3482736
T,mail,direct,1000,4,9.00,flood,4199691,0,0,1848,129,1878.9,0.0,9068281,32767,3482736
T,mail,direct,1000,4,10.00,flood,4778432,0,0,2095,129,2879.0,0.0,10368101,32767,3482736
T,mail,direct,1000,4,11.00,flood,5349217,0,0,2340,129,3879.2,0.0,11673979,32767,3482736
T,mail,direct,1000,4,12.00,flood,5982285,0,0,2657,130,603.5,4275.8,12972935,36863,6571455
T,mail,direct,1000,4,13.00,flood,6626528,0,0,3007,130,1603.6,0.0,14257617,36863,6571455
T,mail,direct,1000,4,14.00,flood,7280927,0,0,3359,130,2603.7,0.0,15529572,36863,6571455
T,mail,direct,1000,4,15.00,flood,7933856,0,0,3709,130,3603.8,0.0,16789574,36863,6571455
T,mail,direct,1000,4,16.00,flood,8582687,0,0,4058,130,4603.9,0.0,18050577,36863,6571455
T,mail,direct,1000,4,17.00,flood,9238119,0,0,4411,130,5604.1,0.0,19317143,36863,6571455
T,mail,direct,1000,4,18.00,flood,9893907,0,0,4763,130,6604.2,0.0,20582103,36863,6571455
T,mail,direct,1000,4,19.00,flood,10552564,0,0,5115,130,7604.4,0.0,21846539,36863,6571455
T,mail,direct,1000,4,20.00,flood,11195530,0,0,5462,130,8604.5,0.0,23100236,36863,6571455
T,mail,direct,1000,4,21.00,flood,11769781,0,0,5778,131,569.5,9035.1,24359720,40958,12151943
T,mail,direct,1000,4,22.00,flood,12325560,0,0,6104,131,1569.7,0.0,25604216,40958,12151943
T,mail,direct,1000,4,23.00,flood,12885544,0,0,6430,131,2569.8,0.0,26848884,40958,12151943
T,mail,direct,1000,4,24.00,flood,13457807,0,0,6760,131,3569.9,0.0,28082609,40958,12151943
T,mail,direct,1000,4,25.00,flood,14019486,0,0,7090,131,4570.1,0.0,29313058,40958,12151943
T,mail,direct,1000,4,26.00,flood,14574543,0,0,7419,131,5570.2,0.0,30544037,40958,12151943
T,mail,direct,1000,4,27.00,flood,15135672,0,0,7750,131,6570.4,0.0,31774536,40958,12151943
T,mail,direct,1000,4,28.00,flood,15697592,0,0,8080,131,7570.5,0.0,33004879,40958,12151943
T,mail,direct,1000,4,29.00,flood,16261085,0,0,8410,131,8570.6,0.0,34234457,40958,12151943
T,mail,direct,1000,4,30.00,flood,14565957,0,0,8410,131,9570.8,0.0,34234511,40958,12151943
T,mail,direct,1000,4,31.00,flood,12903209,0,0,8410,131,10570.9,0.0,34234511,40958,12151943
T,mail,direct,1000,4,32.00,flood,11249203,0,0,8410,131,11570.9,0.0,34234511,40958,12151943
T,mail,direct,1000,4,33.00,recover,9370108,0,0,8153,132,686.9,11884.2,34234511,45053,23593438
T,mail,direct,1000,4,34.00,recover,7607764,0,0,8153,132,1687.0,0.0,34234511,45053,23593438
T,mail,direct,1000,4,35.00,recover,5899943,0,0,8153,132,2687.1,0.0,34234511,45053,23593438
T,mail,direct,1000,4,36.00,recover,4223957,0,0,8153,132,3687.3,0.0,34234511,45053,23593438
T,mail,direct,1000,4,37.00,recover,2571900,0,0,8153,132,4687.5,0.0,34234511,45053,23593438
T,mail,direct,1000,4,38.00,recover,961330,0,0,8153,132,5687.6,0.0,34234511,45053,23593438
T,mail,direct,1000,4,39.01,recover,0,0,0,7433,154,7.6,6328.9,34234511,49148,34185363
T,mail,direct,1000,4,40.01,recover,0,0,0,7433,163,0.0,0.1,34234511,49148,34185363
S,mail,direct,8,1000,4,30.31,memory_cap,84,12,712709,11884190,1129548,16261085,0,8410,23,6.329,6.329,34234511,49148,34185363,34185363,0,0,5,0
T,buffer,direct,1000,4,1.00,baseline,0,0,0,23,59,13.2,0.1,0,0,0
T,buffer,direct,1000,4,2.00,baseline,0,0,0,23,119,9.8,0.1,0,0,0
T,buffer,direct,1000,4,3.00,flood,0,4096,0,45,179,5.2,1.7,1846738,15104,1821747
T,buffer,direct,1000,4,4.00,flood,0,2603,0,46,239,1.6,1.6,3730247,30464,3697081
T,buffer,direct,1000,4,5.00,flood,0,4096,0,47,298,14.7,1.6,5630652,45568,5558741
T,buffer,direct,1000,4,6.00,flood,0,4096,0,48,358,10.6,1.5,7513061,60928,7432178
T,buffer,direct,1000,4,7.00,flood,0,4096,0,49,418,5.9,1.6,9383820,76288,9296189
T,buffer,direct,1000,4,8.00,flood,0,2369,0,49,478,1.3,1.7,11278418,91648,11184307
T,buffer,direct,1000,4,9.00,flood,0,4096,0,50,537,13.5,1.9,13220439,106752,13089598
T,buffer,direct,1000,4,10.00,flood,0,4096,0,50,597,8.8,1.6,15094720,122112,14956091
T,buffer,direct,1000,4,11.00,flood,0,4096,0,50,657,4.2,1.6,17001895,137472,16856254
T,buffer,direct,1000,4,12.00,flood,0,4096,0,51,716,16.3,1.8,18898113,152576,18714459
T,buffer,direct,1000,4,13.00,flood,0,4096,0,51,776,11.7,1.7,20770181,167936,20581891
T,buffer,direct,1000,4,14.00,flood,0,4096,0,51,836,8.0,1.4,22636030,183296,22437759
T,buffer,direct,1000,4,15.00,flood,0,4096,0,52,896,4.4,1.5,24503980,198656,24297206
T,buffer,direct,1000,4,16.00,flood,0,4096,0,52,956,0.0,1.6,26387239,213760,26140881
T,buffer,direct,1000,4,17.00,flood,0,4096,0,52,1015,12.2,1.4,28290756,229120,28038509
T,buffer,direct,1000,4,18.00,flood,0,4096,0,52,1075,7.5,1.5,30166870,244480,29908056
T,buffer,direct,1000,4,19.00,flood,0,4096,0,52,1135,3.0,1.6,32072165,259840,31806384
T,buffer,direct,1000,4,20.00,flood,0,4096,0,53,1194,15.2,1.6,34023580,274944,33720152
T,buffer,direct,1000,4,21.00,flood,0,4096,0,53,1254,10.6,1.4,35891833,290304,35580758
T,buffer,direct,1000,4,22.00,flood,0,4096,0,53,1314,6.0,1.7,37770819,305664,37454040
T,buffer,direct,1000,4,23.00,flood,0,2085,0,54,1374,1.4,1.5,39621147,321024,39297934
T,buffer,direct,1000,4,24.00,flood,0,4096,0,54,1433,13.8,1.7,41476155,336128,41115741
T,buffer,direct,1000,4,25.00,flood,0,4096,0,54,1493,10.4,1.5,43348891,351488,42978852
T,buffer,direct,1000,4,26.00,flood,0,4096,0,54,1553,7.0,1.8,45222302,366848,44842571
T,buffer,direct,1000,4,27.00,flood,0,4096,0,54,1613,3.5,1.3,47075204,382208,46686496
T,buffer,direct,1000,4,28.00,flood,0,4096,0,54,1673,0.0,1.4,48944388,397312,48514721
T,buffer,direct,1000,4,29.00,flood,0,4096,0,54,1732,13.1,1.4,50798220,412672,50361138
T,buffer,direct,1000,4,30.00,flood,0,4096,0,54,1792,9.6,1.5,52754673,428032,52307429
T,buffer,direct,1000,4,31.00,flood,0,4096,0,55,1852,6.1,1.6,54647571,443392,54193295
T,buffer,direct,1000,4,32.00,flood,0,4096,0,55,1912,2.6,1.4,56574752,458752,56111312
T,buffer,direct,1000,4,33.01,recover,0,0,0,55,1944,0.0,1.3,56600942,459008,56141934
S,buffer,direct,8,1000,4,30.01,time,102,1793,1225,1889,1885965,0,4096,54,23,0.017,0.017,56600942,459008,56141934,49256814,6885120,0,0,0
T,shard,direct,1000,4,1.00,baseline,0,0,0,23,59,13.0,0.1,0,0,0
T,shard,direct,1000,4,2.00,baseline,0,0,0,23,119,9.0,0.1,0,0,0
T,shard,direct,1000,4,3.00,flood,0,1024,0,44,179,4.9,0.8,2425946,15104,2398110
T,shard,direct,1000,4,4.00,flood,0,520,0,45,239,0.3,0.6,4970247,30208,4899884
T,shard,direct,1000,4,5.00,flood,0,1024,0,46,298,13.5,0.6,7549205,45568,7467766
T,shard,direct,1000,4,6.00,flood,0,1024,0,47,358,10.2,0.6,10089132,60928,10002045
T,shard,direct,1000,4,7.00,flood,0,1024,0,48,418,6.8,0.6,12669842,76288,12576158
T,shard,direct,1000,4,8.00,flood,0,1024,0,48,478,3.4,0.5,15243666,91648,15143498
T,shard,direct,1000,4,9.00,flood,0,120,0,48,538,0.1,0.5,17799692,106752,17651405
T,shard,direct,1000,4,10.00,flood,0,1024,0,48,597,13.2,1.0,20452549,122112,20290435
T,shard,direct,1000,4,11.00,flood,0,1024,0,48,657,9.8,0.5,23153661,137472,22993684
T,shard,direct,1000,4,12.00,flood,0,1024,0,49,717,6.5,0.5,25665190,152832,25496996
T,shard,direct,1000,4,13.00,flood,0,1024,0,49,777,2.7,0.6,28225107,168192,28049985
T,shard,direct,1000,4,14.00,flood,0,1024,0,50,836,14.8,0.5,30775760,183296,30553215
T,shard,direct,1000,4,15.00,flood,0,1024,0,50,896,10.3,0.8,33371967,198656,33146628
T,shard,direct,1000,4,16.00,flood,0,1024,0,50,956,6.9,0.5,35843331,214016,35612221
T,shard,direct,1000,4,17.00,flood,0,1024,0,50,1016,3.5,0.5,38404080,229376,38166157
T,shard,direct,1000,4,18.00,flood,0,255,0,50,1076,0.2,0.5,40923012,244480,40636300
T,shard,direct,1000,4,19.00,flood,0,1024,0,51,1135,13.5,0.6,43501643,259840,43205743
T,shard,direct,1000,4,20.00,flood,0,1024,0,51,1195,10.2,0.7,45990234,275200,45690247
T,shard,direct,1000,4,21.00,flood,0,1024,0,51,1255,6.8,0.5,48505816,290560,48197716
T,shard,direct,1000,4,22.00,flood,0,1024,0,51,1315,3.5,0.5,51039553,305920,50725065
T,shard,direct,1000,4,23.00,flood,0,203,0,51,1375,0.1,0.5,53509553,321024,53146691
T,shard,direct,1000,4,24.00,flood,0,1024,0,51,1434,13.5,0.6,55980547,336384,55611074
T,shard,direct,1000,4,25.00,flood,0,1024,0,51,1494,10.0,0.7,58493939,351744,58116840
T,shard,direct,1000,4,26.00,flood,0,1024,0,51,1554,6.8,0.5,60987123,367104,60602307
T,shard,direct,1000,4,27.00,flood,0,1024,0,51,1614,3.4,0.5,63486602,382464,63095438
T,shard,direct,1000,4,28.00,flood,0,95,0,51,1674,0.1,0.5,66024910,397568,65584014
T,shard,direct,1000,4,29.00,flood,0,1024,0,51,1733,13.0,0.8,68509663,412928,68064747
T,shard,direct,1000,4,30.00,flood,0,1024,0,51,1793,9.6,0.6,70986570,428288,70534097
T,shard,direct,1000,4,31.00,flood,0,1024,0,52,1853,6.1,0.5,73423980,443648,72964494
T,shard,direct,1000,4,32.00,flood,0,1024,0,52,1913,2.9,0.5,75917479,459008,75451206
T,shard,direct,1000,4,33.01,recover,0,0,0,52,1944,0.0,0.3,75951399,459264,75492135
S,shard,direct,8,1000,4,30.01,time,85,1794,369,980,2530816,0,1024,51,23,0.017,0.000,75951399,459264,75492135,74111593,1380542,0,0,0
T,mailroot,direct,1000,4,1.00,baseline,0,0,0,23,59,13.1,0.1,0,0,0
T,mailroot,direct,1000,4,2.00,baseline,0,0,0,23,119,8.4,0.1,0,0,0
T,mailroot,direct,1000,4,3.00,flood,3,0,0,53,179,3.6,5.8,463152,241664,219794
T,mailroot,direct,1000,4,4.00,flood,3,0,0,62,238,15.7,5.4,913059,483328,422569
T,mailroot,direct,1000,4,5.00,flood,3,0,0,61,298,11.1,4.1,1369288,729088,635239
T,mailroot,direct,1000,4,6.00,flood,3,0,0,62,358,7.7,3.8,1818403,974848,840100
T,mailroot,direct,1000,4,7.00,flood,4,0,0,62,418,3.0,4.0,2258969,1220608,1037040
T,mailroot,direct,1000,4,8.00,flood,3,0,0,63,477,15.2,3.7,2701433,1462272,1232366
T,mailroot,direct,1000,4,9.00,flood,3,0,0,63,537,10.6,3.5,3146280,1708032,1433514
T,mailroot,direct,1000,4,10.00,flood,3,0,0,63,597,6.0,2.8,3591137,1953792,1634633
T,mailroot,direct,1000,4,11.00,flood,159,0,0,63,657,1.3,3.5,4036163,2195456,1832606
T,mailroot,direct,1000,4,12.00,flood,2,0,0,63,716,14.0,2.9,4481388,2441216,2033875
T,mailroot,direct,1000,4,13.00,flood,3,0,0,64,776,10.1,3.8,4926490,2686976,2234986
T,mailroot,direct,1000,4,14.00,flood,3,0,0,64,836,6.5,3.9,5371017,2932736,2435329
T,mailroot,direct,1000,4,15.00,flood,2,0,0,63,896,3.0,3.8,5833968,3178496,2654072
T,mailroot,direct,1000,4,16.00,flood,3,0,0,65,955,16.1,4.0,6281600,3420160,2854274
T,mailroot,direct,1000,4,17.00,flood,4,0,0,65,1015,12.6,4.1,6726083,3665920,3054577
T,mailroot,direct,1000,4,18.00,flood,4,0,0,64,1075,9.0,3.6,7171742,3911680,3256009
T,mailroot,direct,1000,4,19.00,flood,3,0,0,64,1135,5.5,4.0,7614636,4157440,3454697
T,mailroot,direct,1000,4,20.00,flood,3,0,0,65,1195,2.2,3.7,8057806,4403200,3653582
T,mailroot,direct,1000,4,21.00,flood,3,0,0,65,1254,15.6,3.7,8500669,4644864,3848874
T,mailroot,direct,1000,4,22.00,flood,3,0,0,65,1314,12.1,3.7,8942739,4890624,4046725
T,mailroot,direct,1000,4,23.00,flood,3,0,0,65,1374,8.8,3.3,9388008,5136384,4247597
T,mailroot,direct,1000,4,24.00,flood,3,0,0,65,1434,5.5,3.9,9845059,5382144,4460370
T,mailroot,direct,1000,4,25.00,flood,185,0,0,65,1494,2.2,4.0,10290598,5623808,4658391
T,mailroot,direct,1000,4,26.00,flood,3,0,0,65,1553,15.7,2.8,10732890,5869568,4856357
T,mailroot,direct,1000,4,27.00,flood,2,0,0,66,1613,12.3,2.7,11174721,6115328,5054071
T,mailroot,direct,1000,4,28.00,flood,3,0,0,66,1673,8.9,3.9,11616626,6361088,5251673
T,mailroot,direct,1000,4,29.00,flood,3,0,0,66,1733,5.5,3.6,12059042,6606848,5449797
T,mailroot,direct,1000,4,30.00,flood,197,0,0,66,1793,1.5,3.6,12501051,6848512,5644434
T,mailroot,direct,1000,4,31.00,flood,4,0,0,66,1852,14.3,4.2,12942593,7094272,5841971
T,mailroot,direct,1000,4,32.00,flood,3,0,0,66,1912,10.8,2.9,13383378,7340032,6038579
T,mailroot,direct,1000,4,33.01,recover,0,0,0,68,1945,0.0,3.1,13385940,7344131,6041809
S,mailroot,direct,8,1000,4,30.00,time,53,1793,2290,5784,446165,197,0,67,23,0.017,0.033,13385940,7344131,6041809,6041809,0,0,0,0
T,off,direct,1000,4,1.00,baseline,0,0,0,23,59,13.2,0.1,0,0,0
T,off,direct,1000,4,2.00,baseline,0,0,0,23,119,9.8,0.1,0,0,0
T,off,direct,1000,4,3.00,flood,0,0,0,41,179,5.7,0.6,2908000,0,0
T,off,direct,1000,4,4.00,flood,0,0,0,41,239,2.2,0.1,5932959,0,0
T,off,direct,1000,4,5.00,flood,0,0,0,41,298,15.5,0.1,8949513,0,0
T,off,direct,1000,4,6.00,flood,0,0,0,41,358,11.7,0.1,12015752,0,0
T,off,direct,1000,4,7.00,flood,0,0,0,41,418,7.1,0.1,15086969,0,0
T,off,direct,1000,4,8.00,flood,0,0,0,41,478,3.1,0.1,18151197,0,0
T,off,direct,1000,4,9.00,flood,0,0,0,41,537,16.3,0.1,21219813,0,0
T,off,direct,1000,4,10.00,flood,0,0,0,42,597,12.8,0.1,24218197,0,0
T,off,direct,1000,4,11.00,flood,0,0,0,42,657,9.2,0.1,27292597,0,0
T,off,direct,1000,4,12.00,flood,0,0,0,42,717,5.8,0.1,30313415,0,0
T,off,direct,1000,4,13.00,flood,0,0,0,42,777,2.3,0.1,33285329,0,0
T,off,direct,1000,4,14.00,flood,0,0,0,42,836,15.5,0.1,36346110,0,0
T,off,direct,1000,4,15.00,flood,0,0,0,42,896,12.0,0.1,39369846,0,0
T,off,direct,1000,4,16.00,flood,0,0,0,42,956,8.5,0.1,42371459,0,0
T,off,direct,1000,4,17.00,flood,0,0,0,42,1016,5.0,0.1,45362209,0,0
T,off,direct,1000,4,18.00,flood,0,0,0,42,1076,1.5,0.1,48340011,0,0
T,off,direct,1000,4,19.00,flood,0,0,0,42,1135,14.8,0.1,51421495,0,0
T,off,direct,1000,4,20.00,flood,0,0,0,42,1195,11.3,0.1,54470540,0,0
T,off,direct,1000,4,21.00,flood,0,0,0,42,1255,7.8,0.1,57447978,0,0
T,off,direct,1000,4,22.00,flood,0,0,0,42,1315,4.3,0.1,60434937,0,0
T,off,direct,1000,4,23.00,flood,0,0,0,42,1375,0.6,0.1,63353054,0,0
T,off,direct,1000,4,24.00,flood,0,0,0,42,1434,13.7,0.1,66285883,0,0
T,off,direct,1000,4,25.00,flood,0,0,0,42,1494,10.1,0.1,69208207,0,0
T,off,direct,1000,4,26.00,flood,0,0,0,42,1554,6.5,0.1,72159951,0,0
T,off,direct,1000,4,27.00,flood,0,0,0,42,1614,3.0,0.1,75193707,0,0
T,off,direct,1000,4,28.00,flood,0,0,0,42,1673,16.3,0.1,78139391,0,0
T,off,direct,1000,4,29.00,flood,0,0,0,42,1733,12.9,0.1,81201532,0,0
T,off,direct,1000,4,30.00,flood,0,0,0,42,1793,9.4,0.1,84191279,0,0
T,off,direct,1000,4,31.00,flood,0,0,0,42,1853,5.9,0.2,87135847,0,0
T,off,direct,1000,4,32.00,flood,0,0,0,42,1913,2.0,0.1,89971709,0,0
T,off,direct,1000,4,33.00,recover,0,0,0,42,1944,0.0,0.1,90004883,0,0
S,off,direct,8,1000,4,30.01,time,53,1794,54,625,2999034,0,0,42,23,0.017,0.000,90004883,0,0,0,0,0,0,90004883
T,mail,direct,1000,4,1.00,baseline,0,0,0,23,59,12.6,0.2,0,0,0
T,mail,direct,1000,4,2.00,baseline,0,0,0,23,119,8.6,0.2,0,0,0
T,mail,direct,1000,4,3.00,flood,523826,0,0,306,126,391.4,250.0,1281913,20479,426129
T,mail,direct,1000,4,4.00,flood,1024387,0,0,520,128,273.2,708.9,2563715,28671,1276391
T,mail,direct,1000,4,5.00,flood,1482939,0,0,740,129,194.5,1078.9,3841373,32767,2180660
T,mail,direct,1000,4,6.00,flood,1978897,0,0,1056,129,1194.6,0.0,5098309,32767,2180660
T,mail,direct,1000,4,7.00,flood,2374068,0,0,1273,130,453.0,1741.7,6252342,36863,3559347
T,mail,direct,1000,4,8.00,flood,2730726,0,0,1497,130,1453.1,0.0,7290078,36863,3559347
T,mail,direct,1000,4,9.00,flood,3109435,0,0,1731,130,2453.3,0.0,8341013,36863,3559347
T,mail,direct,1000,4,10.00,flood,3506359,0,0,1885,131,202.6,3250.9,9449614,40959,5741409
T,mail,direct,1000,4,11.00,flood,3970257,0,0,2127,131,1202.7,0.0,10683703,40959,5741409
T,mail,direct,1000,4,12.00,flood,4408996,0,0,2359,131,2202.8,0.0,11914117,40959,5741409
T,mail,direct,1000,4,13.00,flood,4842642,0,0,2588,131,3203.0,0.0,13136549,40959,5741409
T,mail,direct,1000,4,14.00,flood,5268473,0,0,2815,131,4203.1,0.0,14353913,40959,5741409
T,mail,direct,1000,4,15.00,flood,5724864,0,0,2833,132,860.6,4342.7,15454572,45054,9135622
T,mail,direct,1000,4,16.00,flood,6179856,0,0,3047,132,1860.8,0.0,16556868,45054,9135622
T,mail,direct,1000,4,17.00,flood,6625117,0,0,3317,132,2860.9,0.0,17649338,45054,9135622
T,mail,direct,1000,4,18.00,flood,7070642,0,0,3590,132,3861.1,0.0,18742016,45054,9135622
T,mail,direct,1000,4,19.00,flood,7536853,0,0,3870,132,4861.2,0.0,19833430,45054,9135622
T,mail,direct,1000,4,20.00,flood,7993727,0,0,4143,132,5861.5,0.0,20890950,45054,9135622
T,mail,direct,1000,4,21.00,flood,8373565,0,0,4356,132,6861.7,0.0,21644327,45054,9135622
T,mail,direct,1000,4,22.00,flood,8675177,0,0,4526,132,7862.7,0.0,22253313,45054,9135622
T,mail,direct,1000,4,23.00,flood,8977191,0,0,4708,132,8862.8,0.0,22961212,45054,9135622
T,mail,direct,1000,4,24.00,flood,9274012,0,0,4896,132,9863.0,0.0,23742011,45054,9135622
T,mail,direct,1000,4,25.00,flood,9690858,0,0,5083,133,921.0,9942.2,24725227,49150,14465653
T,mail,direct,1000,4,26.00,flood,10120903,0,0,5274,133,1921.1,0.0,25728655,49150,14465653
T,mail,direct,1000,4,27.01,flood,10523005,0,0,5454,133,2921.3,0.0,26729528,49150,14465653
T,mail,direct,1000,4,28.01,flood,10923424,0,0,5632,133,3921.4,0.0,27731778,49150,14465653
T,mail,direct,1000,4,29.01,flood,11322780,0,0,5810,133,4921.5,0.0,28737572,49150,14465653
T,mail,direct,1000,4,30.01,flood,11722153,0,0,5988,133,5921.7,0.0,29743857,49150,14465653
T,mail,direct,1000,4,31.01,flood,12127045,0,0,6168,133,6921.8,0.0,30743836,49150,14465653
T,mail,direct,1000,4,32.01,flood,12509832,0,0,6339,133,7922.0,0.0,31730842,49150,14465653
T,mail,direct,1000,4,33.01,flood,12890881,0,0,6510,133,8922.1,0.0,32689118,49150,14465653
T,mail,direct,1000,4,34.01,flood,13307029,0,0,6695,133,9922.3,0.0,33698673,49150,14465653
T,mail,direct,1000,4,35.01,flood,13713554,0,0,6876,133,10922.4,0.0,34704670,49150,14465653
T,mail,direct,1000,4,36.01,flood,14130343,0,0,7062,133,11922.6,0.0,35709187,49150,14465653
T,mail,direct,1000,4,37.01,flood,14544905,0,0,7247,133,12922.8,0.0,36710765,49150,14465653
T,mail,direct,1000,4,38.01,flood,14952918,0,0,7430,133,13922.9,0.0,37711191,49150,14465653
T,mail,direct,1000,4,39.01,flood,15278584,0,0,7575,133,14923.0,0.0,38579219,49150,14465653
T,mail,direct,1000,4,40.01,recover,15399158,0,0,7711,134,95.3,15827.9,39401003,53245,23760066
T,mail,direct,1000,4,41.01,recover,14408021,0,0,7711,134,1095.5,0.0,39401003,53245,23760066
T,mail,direct,1000,4,42.01,recover,13440533,0,0,7711,134,2095.7,0.0,39401003,53245,23760066
T,mail,direct,1000,4,43.01,recover,12375477,0,0,7711,134,3095.9,0.0,39401003,53245,23760066
T,mail,direct,1000,4,44.01,recover,10076583,0,0,7711,134,4096.0,0.0,39401003,53245,23760066
T,mail,direct,1000,4,45.01,recover,7723699,0,0,7711,134,5096.1,0.0,39401003,53245,23760066
T,mail,direct,1000,4,46.01,recover,5351412,0,0,7711,134,6096.3,0.0,39401003,53245,23760066
T,mail,direct,1000,4,47.01,recover,2977615,0,0,7711,134,7096.4,0.0,39401003,53245,23760066
T,mail,direct,1000,4,48.01,recover,584467,0,0,7711,134,8096.5,0.0,39401003,53245,23760066
T,mail,direct,1000,4,49.01,recover,0,0,0,4996,164,2.8,8608.2,39401003,57342,39343661
T,mail,direct,1000,4,50.01,recover,0,0,0,4996,165,0.0,0.0,39401003,57342,39343661
S,mail,direct,8,1000,4,37.90,time,112,14,708857,15827913,1039519,15399158,0,7710,23,8.608,8.608,39401003,57342,39343661,39343661,0,0,5,0
T,buffer,direct,1000,4,1.00,baseline,0,0,0,23,59,13.3,0.1,0,0,0
T,buffer,direct,1000,4,2.00,baseline,0,0,0,23,119,9.9,0.1,0,0,0
T,buffer,direct,1000,4,3.00,flood,0,4096,0,45,179,6.4,1.5,1797223,15104,1769762
T,buffer,direct,1000,4,4.00,flood,0,4096,0,45,239,3.0,1.6,3659023,30464,3623312
T,buffer,direct,1000,4,5.00,flood,0,4096,0,46,298,16.3,1.6,5509105,45568,5432446
T,buffer,direct,1000,4,6.00,flood,0,4096,0,47,358,12.9,1.5,7339169,60928,7256264
T,buffer,direct,1000,4,7.00,flood,0,4096,0,48,418,9.4,1.5,9174791,76288,9082751
T,buffer,direct,1000,4,8.00,flood,0,4096,0,48,478,6.0,1.6,11012151,91648,10909449
T,buffer,direct,1000,4,9.00,flood,0,4096,0,49,538,2.6,1.5,12846784,107008,12735204
T,buffer,direct,1000,4,10.00,flood,0,4096,0,49,597,16.0,1.6,14674265,122112,14521797
T,buffer,direct,1000,4,11.00,flood,0,4096,0,49,657,12.2,1.8,16488359,137472,16327616
T,buffer,direct,1000,4,12.00,flood,0,4096,0,49,717,8.7,1.7,18349506,152832,18179581
T,buffer,direct,1000,4,13.00,flood,0,4096,0,50,777,5.3,1.4,20175034,168192,19998045
T,buffer,direct,1000,4,14.00,flood,0,3278,0,51,837,1.9,1.6,22005346,183552,21818400
T,buffer,direct,1000,4,15.00,flood,0,4096,0,51,896,15.0,1.4,23843276,198656,23617026
T,buffer,direct,1000,4,16.00,flood,0,4096,0,52,956,11.6,1.6,25691371,214016,25455575
T,buffer,direct,1000,4,17.00,flood,0,4096,0,52,1016,8.2,1.7,27503893,229376,27260596
T,buffer,direct,1000,4,18.00,flood,0,4096,0,53,1076,4.7,1.5,29353945,244736,29100366
T,buffer,direct,1000,4,19.00,flood,0,1549,0,53,1136,1.1,1.8,31204510,259840,30911278
T,buffer,direct,1000,4,20.00,flood,0,4096,0,53,1195,14.1,1.7,33045537,275200,32743542
T,buffer,direct,1000,4,21.00,flood,0,4096,0,53,1255,10.5,1.5,34861922,290560,34552132
T,buffer,direct,1000,4,22.00,flood,0,4096,0,53,1315,6.9,1.6,36656056,305920,36337659
T,buffer,direct,1000,4,23.00,flood,0,4096,0,53,1375,2.8,1.6,38445189,321280,38119006
T,buffer,direct,1000,4,24.00,flood,0,4096,0,54,1434,14.9,1.7,40244003,336384,39880650
T,buffer,direct,1000,4,25.00,flood,0,4096,0,54,1494,10.4,1.6,42062567,351744,41691975
T,buffer,direct,1000,4,26.00,flood,0,4096,0,54,1554,5.7,1.3,43897078,367104,43519468
T,buffer,direct,1000,4,27.00,flood,0,1887,0,54,1614,1.2,2.2,45749433,382464,45365001
T,buffer,direct,1000,4,28.00,flood,0,4096,0,54,1673,14.6,1.6,47586760,397568,47162843
T,buffer,direct,1000,4,29.00,flood,0,4096,0,54,1733,11.3,1.3,49408977,412928,48974848
T,buffer,direct,1000,4,30.00,flood,0,4096,0,55,1793,7.5,1.7,51208683,428288,50767514
T,buffer,direct,1000,4,31.00,flood,0,4096,0,55,1853,3.5,1.8,53033517,443648,52583655
T,buffer,direct,1000,4,32.00,flood,0,4096,0,55,1912,15.8,1.9,54873052,458752,54384170
T,buffer,direct,1000,4,33.00,recover,0,0,0,55,1945,0.0,1.1,54906403,459264,54447139
S,buffer,direct,8,1000,4,30.02,time,58,1794,1205,2194,1829286,0,4096,54,23,0.017,0.017,54906403,459264,54447139,47558179,6888960,0,0,0
T,shard,direct,1000,4,1.00,baseline,0,0,0,23,59,13.1,0.1,0,0,0
T,shard,direct,1000,4,2.00,baseline,0,0,0,23,119,9.5,0.1,0,0,0
T,shard,direct,1000,4,3.00,flood,0,1024,0,43,179,6.0,0.7,2329384,15104,2299028
T,shard,direct,1000,4,4.00,flood,0,1024,0,44,239,2.4,0.5,4739187,30464,4703121
T,shard,direct,1000,4,5.00,flood,0,1024,0,46,298,15.6,0.5,7141724,45568,7058219
T,shard,direct,1000,4,6.00,flood,0,1024,0,47,358,12.3,0.5,9554345,60928,9463659
T,shard,direct,1000,4,7.00,flood,0,1024,0,47,418,8.9,0.5,12011151,76288,11912623
T,shard,direct,1000,4,8.00,flood,0,1024,0,48,478,5.5,0.8,14430347,91648,14324789
T,shard,direct,1000,4,9.00,flood,0,1024,0,48,538,2.2,0.6,16868050,107008,16755844
T,shard,direct,1000,4,10.00,flood,0,1024,0,49,597,15.3,0.5,19310847,122112,19151806
T,shard,direct,1000,4,11.00,flood,0,1024,0,50,657,11.9,0.5,21736157,137472,21567531
T,shard,direct,1000,4,12.00,flood,0,1024,0,50,717,8.5,0.5,24260069,152832,24085199
T,shard,direct,1000,4,13.00,flood,0,1024,0,50,777,5.1,0.5,26799282,168192,26618556
T,shard,direct,1000,4,14.00,flood,0,1024,0,50,837,1.7,0.6,29308247,183552,29120868
T,shard,direct,1000,4,15.00,flood,0,1024,0,50,896,15.0,0.8,31704492,198656,31469476
T,shard,direct,1000,4,16.00,flood,0,1024,0,50,956,11.7,0.5,34118353,214016,33875993
T,shard,direct,1000,4,17.00,flood,0,1024,0,51,1016,8.2,0.5,36531380,229376,36283196
T,shard,direct,1000,4,18.00,flood,0,1024,0,51,1076,4.9,0.6,39097351,244736,38839929
T,shard,direct,1000,4,19.00,flood,0,1024,0,51,1136,1.5,0.5,41510780,260096,41247310
T,shard,direct,1000,4,20.00,flood,0,1024,0,51,1195,14.8,0.5,43947070,275200,43636087
T,shard,direct,1000,4,21.00,flood,0,1024,0,51,1255,11.4,0.5,46348757,290560,46032809
T,shard,direct,1000,4,22.00,flood,0,1024,0,51,1315,7.9,0.6,48842395,305920,48515913
T,shard,direct,1000,4,23.00,flood,0,1024,0,51,1375,4.6,0.5,51322134,321280,50988692
T,shard,direct,1000,4,24.00,flood,0,1024,0,51,1435,1.2,0.6,53770805,336640,53431411
T,shard,direct,1000,4,25.00,flood,0,1024,0,52,1494,14.5,0.5,56151081,351744,55762935
T,shard,direct,1000,4,26.00,flood,0,1024,0,52,1554,11.1,0.5,58563850,367104,58168976
T,shard,direct,1000,4,27.00,flood,0,1024,0,52,1614,7.7,0.6,61010965,382464,60608534
T,shard,direct,1000,4,28.00,flood,0,1024,0,52,1674,4.3,0.7,63517885,397824,63109929
T,shard,direct,1000,4,29.00,flood,0,1024,0,52,1734,0.9,0.5,65911843,413184,65496759
T,shard,direct,1000,4,30.00,flood,0,1024,0,52,1793,14.2,0.5,68329631,428288,67867961
T,shard,direct,1000,4,31.00,flood,0,1024,0,52,1853,10.8,0.5,70711961,443648,70242212
T,shard,direct,1000,4,32.00,flood,0,1024,0,52,1913,7.1,0.6,73081661,459008,72605167
T,shard,direct,1000,4,33.00,recover,0,0,0,52,1945,0.0,0.4,73105615,459264,72646351
S,shard,direct,8,1000,4,30.01,time,47,1794,376,827,2436295,0,1024,51,23,0.017,0.017,73105615,459264,72646351,71267074,1379277,0,0,0
T,mailroot,direct,1000,4,1.00,baseline,0,0,0,23,59,13.3,0.1,0,0,0
T,mailroot,direct,1000,4,2.00,baseline,0,0,0,23,119,9.9,0.1,0,0,0
T,mailroot,direct,1000,4,3.00,flood,152,0,0,36,120,993.3,0.0,536725,0,0
T,mailroot,direct,1000,4,4.00,flood,4,0,0,41,120,1993.4,0.0,1059972,0,0
T,mailroot,direct,1000,4,5.00,flood,4,0,0,41,120,2993.5,0.0,1599367,0,0
T,mailroot,direct,1000,4,6.00,flood,4,0,0,41,120,3993.6,0.0,2148976,0,0
T,mailroot,direct,1000,4,7.00,flood,4,0,0,41,120,4993.7,0.0,2694082,0,0
T,mailroot,direct,1000,4,8.00,flood,3,0,0,41,120,5993.9,0.0,3234427,0,0
T,mailroot,direct,1000,4,9.00,flood,43,0,0,41,120,6994.0,0.0,3778013,0,0
T,mailroot,direct,1000,4,10.00,flood,6,0,0,41,120,7994.1,0.0,4317575,0,0
T,mailroot,direct,1000,4,11.00,flood,4,0,0,41,120,8994.3,0.0,4860823,0,0
T,mailroot,direct,1000,4,12.00,flood,4,0,0,41,120,9994.4,0.0,5397818,0,0
T,mailroot,direct,1000,4,13.00,flood,4,0,0,41,120,10994.5,0.0,5928550,0,0
T,mailroot,direct,1000,4,14.00,flood,3,0,0,41,120,11994.6,0.0,6459098,0,0
T,mailroot,direct,1000,4,15.00,flood,3,0,0,41,120,12994.7,0.0,6998033,0,0
T,mailroot,direct,1000,4,16.00,flood,3,0,0,41,120,13994.8,0.0,7532245,0,0
T,mailroot,direct,1000,4,17.00,flood,3,0,0,41,120,14995.0,0.0,8062075,0,0
T,mailroot,direct,1000,4,18.00,flood,4,0,0,41,120,15995.1,0.0,8592091,0,0
T,mailroot,direct,1000,4,19.00,flood,3,0,0,41,120,16995.2,0.0,9122198,0,0
T,mailroot,direct,1000,4,20.00,flood,4,0,0,41,120,17995.3,0.0,9656671,0,0
T,mailroot,direct,1000,4,21.00,flood,3,0,0,41,120,18995.5,0.0,10184975,0,0
T,mailroot,direct,1000,4,22.00,flood,4,0,0,41,120,19995.6,0.0,10715123,0,0
T,mailroot,direct,1000,4,23.00,flood,3,0,0,41,120,20995.6,0.0,11246363,0,0
T,mailroot,direct,1000,4,24.00,flood,3,0,0,41,120,21995.8,0.0,11778938,0,0
T,mailroot,direct,1000,4,25.00,flood,3,0,0,41,120,22995.9,0.0,12310016,0,0
T,mailroot,direct,1000,4,26.00,flood,4,0,0,41,120,23996.0,0.0,12838653,0,0
T,mailroot,direct,1000,4,27.00,flood,4,0,0,41,120,24996.1,0.0,13371607,0,0
T,mailroot,direct,1000,4,28.00,flood,4,0,0,41,120,25996.2,0.0,13902420,0,0
T,mailroot,direct,1000,4,29.00,flood,123,0,0,41,120,26996.3,0.0,14433784,0,0
T,mailroot,direct,1000,4,30.00,flood,3,0,0,41,120,27996.4,0.0,14969394,0,0
T,mailroot,direct,1000,4,31.00,flood,3,0,0,41,120,28996.5,0.0,15496070,0,0
T,mailroot,direct,1000,4,32.00,flood,4,0,0,41,120,29996.7,0.0,16051192,0,0
T,mailroot,direct,1000,4,33.00,flood,4,0,0,41,120,30996.8,0.0,16597689,0,0
T,mailroot,direct,1000,4,34.00,flood,3,0,0,41,120,31996.9,0.0,17123964,0,0
T,mailroot,direct,1000,4,35.00,flood,3,0,0,41,120,32997.1,0.0,17650200,0,0
T,mailroot,direct,1000,4,36.00,flood,4,0,0,41,120,33997.2,0.0,18175956,0,0
T,mailroot,direct,1000,4,37.00,flood,4,0,0,41,120,34997.3,0.0,18702415,0,0
T,mailroot,direct,1000,4,38.00,flood,4,0,0,41,120,35997.5,0.0,19238587,0,0
T,mailroot,direct,1000,4,39.00,flood,2,0,0,41,120,36997.6,0.0,19773752,0,0
T,mailroot,direct,1000,4,40.00,flood,33,0,0,41,120,37997.7,0.0,20313891,0,0
T,mailroot,direct,1000,4,41.01,flood,3,0,0,41,120,38997.9,0.0,20843721,0,0
T,mailroot,direct,1000,4,42.01,flood,4,0,0,41,120,39998.0,0.0,21380773,0,0
T,mailroot,direct,1000,4,43.01,flood,4,0,0,41,120,40998.1,0.0,21910951,0,0
T,mailroot,direct,1000,4,44.01,flood,4,0,0,41,120,41998.2,0.0,22445201,0,0
T,mailroot,direct,1000,4,45.01,flood,4,0,0,41,120,42998.4,0.0,22983240,0,0
T,mailroot,direct,1000,4,46.01,flood,4,0,0,41,120,43998.5,0.0,23515636,0,0
T,mailroot,direct,1000,4,47.01,flood,4,0,0,41,120,44998.6,0.0,24045807,0,0
T,mailroot,direct,1000,4,48.01,flood,4,0,0,41,120,45998.8,0.0,24585297,0,0
T,mailroot,direct,1000,4,49.01,flood,4,0,0,41,120,46998.9,0.0,25123191,0,0
T,mailroot,direct,1000,4,50.01,flood,4,0,0,41,120,47999.0,0.0,25651020,0,0
T,mailroot,direct,1000,4,51.01,flood,3,0,0,41,120,48999.1,0.0,26177707,0,0
T,mailroot,direct,1000,4,52.01,flood,3,0,0,41,120,49999.2,0.0,26704477,0,0
T,mailroot,direct,1000,4,53.01,flood,3,0,0,41,120,50999.4,0.0,27232986,0,0
T,mailroot,direct,1000,4,54.01,flood,2,0,0,41,120,51999.5,0.0,27788447,0,0
T,mailroot,direct,1000,4,55.01,flood,3,0,0,41,120,52999.7,0.0,28348654,0,0
T,mailroot,direct,1000,4,56.01,flood,8,0,0,41,120,53999.8,0.0,28910587,0,0
T,mailroot,direct,1000,4,57.01,flood,4,0,0,41,120,54999.9,0.0,29450575,0,0
T,mailroot,direct,1000,4,58.01,flood,3,0,0,41,120,56000.0,0.0,30011900,0,0
T,mailroot,direct,1000,4,59.01,flood,3,0,0,41,120,57000.1,0.0,30575790,0,0
T,mailroot,direct,1000,4,60.01,flood,3,0,0,41,120,58000.2,0.0,31139016,0,0
T,mailroot,direct,1000,4,61.01,flood,3,0,0,41,120,59000.3,0.0,31683761,0,0
T,mailroot,direct,1000,4,62.01,flood,56,0,0,41,120,60000.4,0.0,32247941,0,0
T,mailroot,direct,1000,4,63.01,flood,2,0,0,41,120,61000.6,0.0,32812000,0,0
T,mailroot,direct,1000,4,64.01,flood,2,0,0,41,120,62000.7,0.0,33374428,0,0
T,mailroot,direct,1000,4,65.01,flood,3,0,0,41,120,63000.8,0.0,33938361,0,0
T,mailroot,direct,1000,4,66.01,flood,4,0,0,41,120,64000.9,0.0,34386599,0,0
T,mailroot,direct,1000,4,67.01,flood,2,0,0,41,120,65001.0,0.0,34702892,0,0
T,mailroot,direct,1000,4,68.01,flood,2,0,0,41,120,66001.1,0.0,35019074,0,0
T,mailroot,direct,1000,4,69.01,flood,3,0,0,41,120,67001.1,0.0,35335542,0,0
T,mailroot,direct,1000,4,70.01,flood,3,0,0,41,120,68001.2,0.0,35653951,0,0
T,mailroot,direct,1000,4,71.01,flood,3,0,0,41,120,69001.4,0.0,35972096,0,0
T,mailroot,direct,1000,4,72.01,flood,2,0,0,41,120,70001.5,0.0,36292395,0,0
T,mailroot,direct,1000,4,73.01,flood,4,0,0,41,120,71001.6,0.0,36626828,0,0
T,mailroot,direct,1000,4,74.01,flood,2,0,0,41,120,72001.7,0.0,36975517,0,0
T,mailroot,direct,1000,4,75.01,flood,4,0,0,41,120,73001.8,0.0,37295054,0,0
T,mailroot,direct,1000,4,76.01,flood,4,0,0,41,120,74002.0,0.0,37610663,0,0
T,mailroot,direct,1000,4,77.01,flood,2,0,0,41,120,75002.1,0.0,37927505,0,0
T,mailroot,direct,1000,4,78.01,flood,3,0,0,41,120,76002.2,0.0,38245294,0,0
T,mailroot,direct,1000,4,79.01,flood,4,0,0,41,120,77002.3,0.0,38556266,0,0
T,mailroot,direct,1000,4,80.01,flood,4,0,0,41,120,78002.5,0.0,38875223,0,0
T,mailroot,direct,1000,4,81.01,flood,2,0,0,41,120,79002.6,0.0,39201102,0,0
T,mailroot,direct,1000,4,82.01,flood,2,0,0,41,120,80002.7,0.0,39529714,0,0
T,mailroot,direct,1000,4,83.01,flood,3,0,0,41,120,81002.8,0.0,39858736,0,0
T,mailroot,direct,1000,4,84.01,flood,3,0,0,41,120,82002.9,0.0,40188437,0,0
T,mailroot,direct,1000,4,85.01,flood,3,0,0,41,120,83003.1,0.0,40516828,0,0
T,mailroot,direct,1000,4,86.01,flood,3,0,0,41,120,84003.2,0.0,40846604,0,0
T,mailroot,direct,1000,4,87.01,flood,4,0,0,41,120,85003.3,0.0,41176805,0,0
T,mailroot,direct,1000,4,88.01,flood,3,0,0,41,120,86003.4,0.0,41505938,0,0
T,mailroot,direct,1000,4,89.01,flood,3,0,0,41,120,87003.6,0.0,41828211,0,0
T,off,direct,1000,4,1.00,baseline,0,0,0,23,59,12.7,0.1,0,0,0
T,off,direct,1000,4,2.00,baseline,0,0,0,23,119,8.1,0.1,0,0,0
T,off,direct,1000,4,3.00,flood,0,0,0,41,179,3.5,0.7,2589075,0,0
T,off,direct,1000,4,4.00,flood,0,0,0,41,238,15.7,0.1,5322036,0,0
T,off,direct,1000,4,5.00,flood,0,0,0,42,298,11.1,0.1,8115307,0,0
T,off,direct,1000,4,6.00,flood,0,0,0,42,358,6.5,0.1,10842842,0,0
T,off,direct,1000,4,7.00,flood,0,0,0,42,418,1.9,0.1,13542040,0,0
T,off,direct,1000,4,8.00,flood,0,0,0,42,477,14.7,0.1,16301517,0,0
T,off,direct,1000,4,9.00,flood,0,0,0,42,537,11.3,0.1,19005055,0,0
T,off,direct,1000,4,10.00,flood,0,0,0,42,597,8.0,0.1,21817337,0,0
T,off,direct,1000,4,11.00,flood,0,0,0,42,657,4.5,0.1,24553376,0,0
T,off,direct,1000,4,12.00,flood,0,0,0,42,717,1.2,0.1,27270437,0,0
T,off,direct,1000,4,13.00,flood,0,0,0,42,776,14.6,0.1,29967057,0,0
T,off,direct,1000,4,14.00,flood,0,0,0,42,836,11.1,0.1,32696766,0,0
T,off,direct,1000,4,15.00,flood,0,0,0,42,896,7.4,0.1,35413138,0,0
T,off,direct,1000,4,16.00,flood,0,0,0,42,956,3.9,0.1,38119878,0,0
T,off,direct,1000,4,17.00,flood,0,0,0,42,1016,0.4,0.1,40815623,0,0
T,off,direct,1000,4,18.00,flood,0,0,0,42,1075,13.7,0.1,43624629,0,0
T,off,direct,1000,4,19.00,flood,0,0,0,42,1135,10.0,0.1,46323300,0,0
T,off,direct,1000,4,20.00,flood,0,0,0,42,1195,6.5,0.1,49051597,0,0
T,off,direct,1000,4,21.00,flood,0,0,0,42,1255,3.1,0.1,51751232,0,0
T,off,direct,1000,4,22.00,flood,0,0,0,42,1314,16.4,0.1,54471034,0,0
T,off,direct,1000,4,23.00,flood,0,0,0,42,1374,13.0,0.1,57212979,0,0
T,off,direct,1000,4,24.00,flood,0,0,0,42,1434,9.5,0.1,59985118,0,0
T,off,direct,1000,4,25.00,flood,0,0,0,42,1494,5.8,0.1,62651417,0,0
T,off,direct,1000,4,26.00,flood,0,0,0,42,1554,1.1,0.1,65318765,0,0
T,off,direct,1000,4,27.00,flood,0,0,0,42,1613,13.5,0.1,67946003,0,0
T,off,direct,1000,4,28.00,flood,0,0,0,42,1673,9.9,0.1,70642474,0,0
T,off,direct,1000,4,29.00,flood,0,0,0,42,1733,6.4,0.1,73485652,0,0
T,off,direct,1000,4,30.00,flood,0,0,0,42,1793,2.9,0.1,76098734,0,0
T,off,direct,1000,4,31.00,flood,0,0,0,42,1852,16.1,0.1,78722584,0,0
T,off,direct,1000,4,32.00,flood,0,0,0,42,1912,12.5,0.1,81397393,0,0
T,off,direct,1000,4,33.00,recover,0,0,0,42,1944,0.0,0.1,81449858,0,0
S,off,direct,8,1000,4,30.02,time,95,1794,54,720,2713516,0,0,42,23,0.017,0.000,81449858,0,0,0,0,0,0,81449858
T,mail,direct,1000,4,1.00,baseline,0,0,0,23,59,12.9,0.1,0,0,0
T,mail,direct,1000,4,2.00,baseline,0,0,0,23,119,8.2,0.1,0,0,0
T,mail,direct,1000,4,3.00,flood,642975,0,0,325,126,273.0,366.4,1222727,20479,398746
T,mail,direct,1000,4,4.00,flood,1227692,0,0,578,127,556.2,716.9,2472385,24575,855037
T,mail,direct,1000,4,5.00,flood,1775120,0,0,813,128,231.1,1325.2,3712244,28671,1750871
T,mail,direct,1000,4,6.00,flood,2337134,0,0,1054,128,1231.3,0.0,4961841,28671,1750871
T,mail,direct,1000,4,7.00,flood,2887016,0,0,1289,128,2231.4,0.0,6208224,28671,1750871
T,mail,direct,1000,4,8.00,flood,3559818,0,0,1650,129,852.3,2379.3,7490882,32767,3391006
T,mail,direct,1000,4,9.00,flood,4223664,0,0,2021,129,1852.4,0.0,8762625,32767,3391006
T,mail,direct,1000,4,10.00,flood,4886291,0,0,2392,129,2852.6,0.0,10031892,32767,3391006
T,mail,direct,1000,4,11.00,flood,5526615,0,0,2755,129,3852.7,0.0,11297995,32767,3391006
T,mail,direct,1000,4,12.00,flood,6069995,0,0,3026,130,130.1,4722.7,12568319,36863,6355456
T,mail,direct,1000,4,13.00,flood,6559205,0,0,3334,130,1130.3,0.0,13859467,36863,6355456
T,mail,direct,1000,4,14.00,flood,7014908,0,0,3627,130,2130.5,0.0,15148914,36863,6355456
T,mail,direct,1000,4,15.00,flood,7398209,0,0,3892,130,3130.6,0.0,16429372,36863,6355456
T,mail,direct,1000,4,16.00,flood,7791281,0,0,4163,130,4130.7,0.0,17719145,36863,6355456
T,mail,direct,1000,4,17.00,flood,8179983,0,0,4433,130,5130.9,0.0,19006519,36863,6355456
T,mail,direct,1000,4,18.00,flood,8574478,0,0,4704,130,6131.1,0.0,20294880,36863,6355456
T,mail,direct,1000,4,19.00,flood,9089894,0,0,4967,131,167.5,6963.7,21582212,40958,12357625
T,mail,direct,1000,4,20.00,flood,9617701,0,0,5196,131,1167.7,0.0,22847142,40958,12357625
T,mail,direct,1000,4,21.00,flood,10154366,0,0,5429,131,2167.8,0.0,24111828,40958,12357625
T,mail,direct,1000,4,22.00,flood,10692900,0,0,5663,131,3168.0,0.0,25376547,40958,12357625
T,mail,direct,1000,4,23.00,flood,11241813,0,0,5903,131,4168.1,0.0,26638810,40958,12357625
T,mail,direct,1000,4,24.00,flood,11793589,0,0,6143,131,5168.3,0.0,27902550,40958,12357625
T,mail,direct,1000,4,25.00,flood,12325228,0,0,6375,131,6168.4,0.0,29167818,40958,12357625
T,mail,direct,1000,4,26.00,flood,12847156,0,0,6602,131,7168.6,0.0,30426022,40958,12357625
T,mail,direct,1000,4,27.00,flood,13369899,0,0,6830,131,8168.8,0.0,31691273,40958,12357625
T,mail,direct,1000,4,28.00,flood,13890198,0,0,7057,131,9168.9,0.0,32950580,40958,12357625
T,mail,direct,1000,4,29.00,flood,14408562,0,0,7283,131,10169.1,0.0,34210417,40958,12357625
T,mail,direct,1000,4,30.00,flood,14923437,0,0,7507,131,11169.2,0.0,35455642,40958,12357625
T,mail,direct,1000,4,31.00,flood,15438352,0,0,7732,131,12169.4,0.0,36693327,40958,12357625
T,mail,direct,1000,4,32.00,flood,15938849,0,0,7949,132,839.9,12329.6,37842353,45053,21323676
T,mail,direct,1000,4,33.01,flood,16350861,0,0,8128,132,1841.2,0.0,38694320,45053,21323676
T,mail,direct,1000,4,34.01,flood,16781908,0,0,8316,132,2841.4,0.0,39628166,45053,21323676
T,mail,direct,1000,4,35.01,flood,14451850,0,0,8316,132,3841.5,0.0,39628219,45053,21323676
T,mail,direct,1000,4,36.01,flood,12088004,0,0,8316,132,4841.7,0.0,39628219,45053,21323676
T,mail,direct,1000,4,37.01,flood,9746778,0,0,8316,132,5841.8,0.0,39628219,45053,21323676
T,mail,direct,1000,4,38.01,flood,7407334,0,0,8316,132,6842.0,0.0,39628219,45053,21323676
T,mail,direct,1000,4,39.01,flood,5065135,0,0,8316,132,7842.1,0.0,39628219,45053,21323676
T,mail,direct,1000,4,40.01,flood,2782963,0,0,8316,132,8842.3,0.0,39628219,45053,21323676
T,mail,direct,1000,4,41.01,recover,1153275,0,0,8066,133,954.9,8887.5,39628219,49148,36842764
T,mail,direct,1000,4,42.01,recover,6,0,0,7072,133,1955.1,0.0,39628219,49148,36842764
T,mail,direct,1000,4,43.01,recover,0,0,0,6918,164,0.0,1971.7,39628219,53243,39574976
S,mail,direct,8,1000,4,38.04,memory_cap,90,13,716923,12329632,1041652,16781908,0,8316,23,1.972,1.972,39628219,53243,39574976,39574976,0,0,5,0
T,buffer,direct,1000,4,1.00,baseline,0,0,0,23,59,13.3,0.1,0,0,0
T,buffer,direct,1000,4,2.00,baseline,0,0,0,23,119,9.9,0.1,0,0,0
T,buffer,direct,1000,4,3.00,flood,0,4096,0,45,179,6.4,1.7,1927457,15104,1899405
T,buffer,direct,1000,4,4.00,flood,0,4096,0,46,239,2.9,1.8,3974708,30464,3938832
T,buffer,direct,1000,4,5.00,flood,0,4096,0,48,298,16.0,1.5,5988224,45568,5910304
T,buffer,direct,1000,4,6.00,flood,0,4096,0,48,358,12.5,1.5,7930190,60928,7844250
T,buffer,direct,1000,4,7.00,flood,0,4096,0,48,418,8.6,1.4,9870922,76288,9778239
T,buffer,direct,1000,4,8.00,flood,0,4096,0,49,478,5.0,1.4,11815353,91648,11713729
T,buffer,direct,1000,4,9.00,flood,0,2245,0,50,538,1.3,1.5,13764009,107008,13654649
T,buffer,direct,1000,4,10.00,flood,0,4096,0,51,597,14.4,1.4,15715667,122112,15565304
T,buffer,direct,1000,4,11.00,flood,0,4096,0,51,657,10.8,1.6,17707682,137472,17548892
T,buffer,direct,1000,4,12.00,flood,0,4096,0,51,717,7.3,1.5,19671302,152832,19503643
T,buffer,direct,1000,4,13.00,flood,0,4096,0,52,777,3.7,1.4,21673339,168192,21497890
T,buffer,direct,1000,4,14.00,flood,0,190,0,52,837,0.1,1.5,23626163,183296,23409608
T,buffer,direct,1000,4,15.00,flood,0,4096,0,53,896,13.3,1.7,25601258,198656,25376468
T,buffer,direct,1000,4,16.00,flood,0,4096,0,53,956,9.7,1.4,27547621,214016,27313989
T,buffer,direct,1000,4,17.00,flood,0,4096,0,53,1016,6.1,2.0,29626400,229376,29385484
T,buffer,direct,1000,4,18.00,flood,0,4096,0,53,1076,2.5,1.7,31624421,244736,31375023
T,buffer,direct,1000,4,19.00,flood,0,4096,0,53,1135,15.7,1.6,33612751,259840,33322267
T,buffer,direct,1000,4,20.00,flood,0,4096,0,54,1195,12.1,1.5,35559653,275200,35260912
T,buffer,direct,1000,4,21.00,flood,0,4096,0,54,1255,8.5,1.6,37511526,290560,37205758
T,buffer,direct,1000,4,22.00,flood,0,4096,0,54,1315,5.0,1.6,39434875,305920,39119284
T,buffer,direct,1000,4,23.00,flood,0,2643,0,54,1375,1.5,1.6,41376173,321280,41052185
T,buffer,direct,1000,4,24.00,flood,0,4096,0,54,1434,14.5,1.3,43336955,336384,42972977
T,buffer,direct,1000,4,25.00,flood,0,4096,0,54,1494,11.1,1.4,45294712,351744,44920367
T,buffer,direct,1000,4,26.00,flood,0,4096,0,54,1554,7.7,1.4,47248840,367104,46866938
T,buffer,direct,1000,4,27.00,flood,0,4096,0,54,1614,4.2,1.3,49205727,382464,48815467
T,buffer,direct,1000,4,28.00,flood,0,1146,0,54,1674,0.8,1.4,51133141,397568,50701874
T,buffer,direct,1000,4,29.00,flood,0,4096,0,54,1733,14.0,1.4,53101071,412928,52659957
T,buffer,direct,1000,4,30.00,flood,0,4096,0,54,1793,10.6,1.4,55014258,428288,54565149
T,buffer,direct,1000,4,31.00,flood,0,4096,0,54,1853,7.2,1.3,56983684,443648,56526278
T,buffer,direct,1000,4,32.00,flood,0,4096,0,54,1913,3.8,1.6,58907667,459008,58441303
T,buffer,direct,1000,4,33.00,recover,0,0,0,54,1945,0.0,1.4,58934132,459264,58474868
S,buffer,direct,8,1000,4,30.01,time,55,1794,1191,1985,1963782,0,4096,54,23,0.017,0.017,58934132,459264,58474868,51585908,6888960,0,0,0
T,shard,direct,1000,4,1.00,baseline,0,0,0,23,59,12.8,0.1,0,0,0
T,shard,direct,1000,4,2.00,baseline,0,0,0,23,119,8.2,0.1,0,0,0
T,shard,direct,1000,4,3.00,flood,0,1024,0,45,179,3.4,0.7,2540937,15104,2516822
T,shard,direct,1000,4,4.00,flood,0,1024,0,45,238,15.4,0.9,5132534,30208,5062079
T,shard,direct,1000,4,5.00,flood,0,1024,0,46,298,10.8,0.7,7804027,45568,7730373
T,shard,direct,1000,4,6.00,flood,0,1024,0,46,358,6.1,0.6,10432303,60928,10355478
T,shard,direct,1000,4,7.00,flood,0,1024,0,47,418,1.4,0.7,13063540,76288,12983714
T,shard,direct,1000,4,8.00,flood,0,1024,0,48,477,13.6,0.6,15701238,91392,15573547
T,shard,direct,1000,4,9.00,flood,0,1024,0,48,537,9.0,0.7,18370823,106752,18240461
T,shard,direct,1000,4,10.00,flood,0,1024,0,49,597,4.3,0.6,21031510,122112,20898226
T,shard,direct,1000,4,11.00,flood,0,1024,0,49,656,16.4,0.6,23620365,137216,23437930
T,shard,direct,1000,4,12.00,flood,0,1024,0,49,716,11.8,0.6,26253648,152576,26069534
T,shard,direct,1000,4,13.00,flood,0,1024,0,50,776,8.3,0.6,28900562,167936,28709926
T,shard,direct,1000,4,14.00,flood,0,1024,0,50,836,4.6,0.6,31602083,183296,31407303
T,shard,direct,1000,4,15.00,flood,0,1024,0,50,895,16.1,2.9,33859874,198400,33618616
T,shard,direct,1000,4,16.00,flood,0,1024,0,50,955,12.7,0.6,36596567,213760,36347889
T,shard,direct,1000,4,17.00,flood,0,1024,0,50,1015,9.1,0.7,39392443,229120,39138473
T,shard,direct,1000,4,18.00,flood,0,1024,0,50,1075,5.4,0.6,41989314,244480,41730679
T,shard,direct,1000,4,19.00,flood,0,1024,0,51,1135,1.7,0.7,44628914,259840,44365112
T,shard,direct,1000,4,20.00,flood,0,1024,0,51,1194,14.8,0.7,47269036,274944,46953682
T,shard,direct,1000,4,21.00,flood,0,1024,0,51,1254,11.2,0.5,50009476,290304,49691786
T,shard,direct,1000,4,22.00,flood,0,1024,0,51,1314,7.5,0.5,52734759,305664,52411242
T,shard,direct,1000,4,23.00,flood,0,1024,0,51,1374,3.8,0.5,55335731,321024,55005466
T,shard,direct,1000,4,24.00,flood,0,466,0,51,1434,0.2,0.5,57966655,336128,57584424
T,shard,direct,1000,4,25.00,flood,0,1024,0,51,1493,13.5,0.8,60575281,351488,60187932
T,shard,direct,1000,4,26.00,flood,0,1024,0,51,1553,10.0,0.7,63185556,366848,62792655
T,shard,direct,1000,4,27.00,flood,0,1024,0,51,1613,6.5,0.9,65888957,382208,65487555
T,shard,direct,1000,4,28.00,flood,0,1024,0,51,1673,3.1,0.6,68528977,397568,68123081
T,shard,direct,1000,4,29.00,flood,0,1024,0,52,1732,16.4,0.6,71149158,412672,70691268
T,shard,direct,1000,4,30.00,flood,0,1024,0,52,1792,12.9,0.5,73785113,428032,73323340
T,shard,direct,1000,4,31.00,flood,0,1024,0,52,1852,9.5,0.6,76417530,443392,75949702
T,shard,direct,1000,4,32.00,flood,0,1024,0,52,1912,6.0,0.6,79014099,458752,78540887
T,shard,direct,1000,4,33.00,recover,0,0,0,52,1943,0.0,0.4,79039930,459008,78580922
S,shard,direct,8,1000,4,30.01,time,72,1793,377,2911,2634110,0,1024,51,23,0.017,0.000,79039930,459008,78580922,77201623,1379299,0,0,0
T,mailroot,direct,1000,4,1.00,baseline,0,0,0,23,59,12.9,0.1,0,0,0
T,mailroot,direct,1000,4,2.00,baseline,0,0,0,23,119,9.3,0.1,0,0,0
T,mailroot,direct,1000,4,3.00,flood,3,0,0,54,179,5.8,6.2,531102,241664,286494
T,mailroot,direct,1000,4,4.00,flood,216,0,0,60,239,2.4,3.3,1040324,487424,551591
T,mailroot,direct,1000,4,5.00,flood,3,0,0,61,298,15.6,3.4,1548948,729088,811855
T,mailroot,direct,1000,4,6.00,flood,3,0,0,59,358,12.2,3.9,2059003,974848,1077843
T,mailroot,direct,1000,4,7.00,flood,3,0,0,61,418,8.7,4.4,2570173,1220608,1345098
T,mailroot,direct,1000,4,8.00,flood,3,0,0,60,478,5.3,3.6,3079498,1466368,1610342
T,mailroot,direct,1000,4,9.00,flood,289,0,0,63,538,1.6,3.0,3588567,1708032,1871080
T,mailroot,direct,1000,4,10.00,flood,3,0,0,63,597,14.9,4.5,4101114,1953792,2139690
T,mailroot,direct,1000,4,11.00,flood,3,0,0,64,657,10.8,4.1,4615377,2199552,2410136
T,mailroot,direct,1000,4,12.00,flood,3,0,0,64,717,6.2,4.3,5129843,2445312,2681311
T,mailroot,direct,1000,4,13.00,flood,497,0,0,63,777,1.5,2.7,5640860,2686976,2944446
T,mailroot,direct,1000,4,14.00,flood,18,0,0,64,836,13.6,4.2,6154243,2932736,3214412
T,mailroot,direct,1000,4,15.00,flood,233,0,0,65,896,9.2,4.1,6666478,3178496,3483108
T,mailroot,direct,1000,4,16.00,flood,2,0,0,65,956,5.8,4.1,7177789,3424256,3750451
T,mailroot,direct,1000,4,17.00,flood,41,0,0,65,1016,2.3,4.4,7689112,3670016,4017781
T,mailroot,direct,1000,4,18.00,flood,4,0,0,64,1075,15.5,3.8,8201691,3911680,4282104
T,mailroot,direct,1000,4,19.00,flood,4,0,0,65,1135,12.1,5.6,8711585,4157440,4548030
T,mailroot,direct,1000,4,20.00,flood,4,0,0,65,1195,8.6,3.0,9222868,4403200,4815187
T,mailroot,direct,1000,4,21.00,flood,3,0,0,66,1255,5.2,5.0,9739718,4648960,5088100
T,mailroot,direct,1000,4,22.00,flood,393,0,0,65,1315,1.8,4.2,10258209,4890624,5357812
T,mailroot,direct,1000,4,23.00,flood,46,0,0,66,1374,15.1,4.3,10780413,5136384,5636138
T,mailroot,direct,1000,4,24.00,flood,3,0,0,65,1434,11.6,5.0,11300863,5382144,5912786
T,mailroot,direct,1000,4,25.00,flood,2,0,0,66,1494,8.1,4.0,11814595,5627904,6182554
T,mailroot,direct,1000,4,26.00,flood,4,0,0,66,1554,4.0,3.8,12326519,5873664,6450757
T,mailroot,direct,1000,4,27.00,flood,17,0,0,65,1613,16.1,4.0,12842359,6115328,6718594
T,mailroot,direct,1000,4,28.00,flood,4,0,0,66,1673,11.5,5.3,13360853,6361088,6993842
T,mailroot,direct,1000,4,29.00,flood,4,0,0,66,1733,6.8,5.0,13877912,6606848,7267408
T,mailroot,direct,1000,4,30.00,flood,3,0,0,65,1793,2.2,4.2,14393436,6852608,7539622
T,mailroot,direct,1000,4,31.01,flood,3,0,0,65,1852,14.7,4.8,14900722,7094272,7798765
T,mailroot,direct,1000,4,32.01,flood,3,0,0,66,1912,11.3,4.3,15425887,7340032,8079828
T,mailroot,direct,1000,4,33.01,recover,0,0,0,66,1944,0.0,2.3,15428746,7344130,8084616
S,mailroot,direct,8,1000,4,30.00,time,55,1793,2420,6169,514242,497,0,66,23,0.017,0.017,15428746,7344130,8084616,8084616,0,0,0,0
T,off,direct,1000,4,1.00,baseline,0,0,0,23,59,13.0,0.1,0,0,0
T,off,direct,1000,4,2.00,baseline,0,0,0,23,119,8.3,0.1,0,0,0
T,off,direct,1000,4,3.00,flood,0,0,0,42,179,4.8,0.5,2766823,0,0
T,off,direct,1000,4,4.00,flood,0,0,0,42,239,1.6,0.1,5562915,0,0
T,off,direct,1000,4,5.00,flood,0,0,0,42,298,14.8,0.1,8340188,0,0
T,off,direct,1000,4,6.00,flood,0,0,0,42,358,10.2,0.1,11186496,0,0
T,off,direct,1000,4,7.00,flood,0,0,0,42,418,6.3,0.1,13982597,0,0
T,off,direct,1000,4,8.00,flood,0,0,0,42,478,2.7,0.1,16837762,0,0
T,off,direct,1000,4,9.00,flood,0,0,0,42,537,15.8,0.1,19620082,0,0
T,off,direct,1000,4,10.00,flood,0,0,0,42,597,12.1,0.1,22408866,0,0
T,off,direct,1000,4,11.00,flood,0,0,0,42,657,8.5,0.1,25251533,0,0
T,off,direct,1000,4,12.00,flood,0,0,0,42,717,4.9,0.1,28060355,0,0
T,off,direct,1000,4,13.00,flood,0,0,0,42,777,1.2,0.1,30839663,0,0
T,off,direct,1000,4,14.00,flood,0,0,0,43,836,14.3,0.1,33667228,0,0
T,off,direct,1000,4,15.00,flood,0,0,0,43,896,10.8,0.1,36435194,0,0
T,off,direct,1000,4,16.00,flood,0,0,0,43,956,7.2,0.1,39245541,0,0
T,off,direct,1000,4,17.00,flood,0,0,0,43,1016,3.6,0.1,42064003,0,0
T,off,direct,1000,4,18.00,flood,0,0,0,43,1076,0.3,0.1,44871458,0,0
T,off,direct,1000,4,19.00,flood,0,0,0,43,1135,13.3,0.1,47630848,0,0
T,off,direct,1000,4,20.00,flood,0,0,0,43,1195,8.6,0.1,50449851,0,0
T,off,direct,1000,4,21.00,flood,0,0,0,43,1255,3.9,0.1,53282178,0,0
T,off,direct,1000,4,22.00,flood,0,0,0,43,1315,0.3,0.1,56136599,0,0
T,off,direct,1000,4,23.00,flood,0,0,0,43,1374,13.6,0.1,58892848,0,0
T,off,direct,1000,4,24.00,flood,0,0,0,43,1434,10.2,0.1,61645767,0,0
T,off,direct,1000,4,25.00,flood,0,0,0,43,1494,6.8,0.1,64487110,0,0
T,off,direct,1000,4,26.00,flood,0,0,0,43,1554,3.3,0.1,67298775,0,0
T,off,direct,1000,4,27.00,flood,0,0,0,43,1613,16.6,0.1,70031622,0,0
T,off,direct,1000,4,28.00,flood,0,0,0,43,1673,13.2,0.1,72806895,0,0
T,off,direct,1000,4,29.00,flood,0,0,0,43,1733,10.0,0.1,75508211,0,0
T,off,direct,1000,4,30.00,flood,0,0,0,43,1793,6.8,0.1,78215681,0,0
T,off,direct,1000,4,31.00,flood,0,0,0,43,1853,3.2,0.1,80926278,0,0
T,off,direct,1000,4,32.00,flood,0,0,0,43,1912,16.4,0.1,83644167,0,0
T,off,direct,1000,4,33.00,recover,0,0,0,43,1944,0.0,0.1,83691743,0,0
S,off,direct,8,1000,4,30.01,time,63,1794,51,501,2788536,0,0,42,23,0.017,0.000,83691743,0,0,0,0,0,0,83691743
T,mail,direct,1000,4,1.00,baseline,0,0,0,23,59,13.1,0.1,0,0,0
T,mail,direct,1000,4,2.00,baseline,0,0,0,23,119,9.5,0.1,0,0,0
T,mail,direct,1000,4,3.00,flood,683332,0,0,351,127,240.7,377.9,1277205,24575,426911
T,mail,direct,1000,4,4.00,flood,1342728,0,0,634,128,442.3,798.5,2582646,28671,928259
T,mail,direct,1000,4,5.00,flood,1943210,0,0,891,128,1442.4,0.0,3863330,28671,928259
T,mail,direct,1000,4,6.00,flood,2490798,0,0,1128,129,877.3,1565.3,5119514,32767,1974103
T,mail,direct,1000,4,7.00,flood,2991775,0,0,1342,129,1877.4,0.0,6378388,32767,1974103
T,mail,direct,1000,4,8.00,flood,3525258,0,0,1572,130,155.3,2722.2,7645803,36863,3981454
T,mail,direct,1000,4,9.00,flood,4191527,0,0,1931,130,1155.4,0.0,8955494,36863,3981454
T,mail,direct,1000,4,10.00,flood,4860720,0,0,2291,130,2155.6,0.0,10277066,36863,3981454
T,mail,direct,1000,4,11.00,flood,5524409,0,0,2648,130,3155.7,0.0,11591793,36863,3981454
T,mail,direct,1000,4,12.00,flood,6189523,0,0,3007,130,4155.9,0.0,12908947,36863,3981454
T,mail,direct,1000,4,13.00,flood,6834151,0,0,3359,130,5156.0,0.0,14222832,36863,3981454
T,mail,direct,1000,4,14.00,flood,7308175,0,0,3623,131,927.7,5228.5,15337842,40958,7399324
T,mail,direct,1000,4,15.00,flood,7744336,0,0,3883,131,1927.8,0.0,16428938,40958,7399324
T,mail,direct,1000,4,16.00,flood,8141832,0,0,4123,131,2928.0,0.0,17488721,40958,7399324
T,mail,direct,1000,4,17.00,flood,8546715,0,0,4366,131,3928.1,0.0,18549807,40958,7399324
T,mail,direct,1000,4,18.00,flood,8950446,0,0,4608,131,4928.3,0.0,19606199,40958,7399324
T,mail,direct,1000,4,19.00,flood,9359380,0,0,4853,131,5928.4,0.0,20667511,40958,7399324
T,mail,direct,1000,4,20.00,flood,9772112,0,0,5099,131,6928.6,0.0,21729412,40958,7399324
T,mail,direct,1000,4,21.00,flood,10189577,0,0,5346,131,7928.7,0.0,22788709,40958,7399324
T,mail,direct,1000,4,22.00,flood,10604367,0,0,5593,131,8928.9,0.0,23847197,40958,7399324
T,mail,direct,1000,4,23.00,flood,11014521,0,0,5842,131,9929.0,0.0,24938442,40958,7399324
T,mail,direct,1000,4,24.00,flood,11420267,0,0,6033,132,435.0,10494.2,26037349,45053,14271502
T,mail,direct,1000,4,25.00,flood,11821594,0,0,6206,132,1435.1,0.0,27119840,45053,14271502
T,mail,direct,1000,4,26.00,flood,12217121,0,0,6375,132,2435.2,0.0,28203246,45053,14271502
T,mail,direct,1000,4,27.00,flood,12611247,0,0,6544,132,3435.4,0.0,29290997,45053,14271502
T,mail,direct,1000,4,28.00,flood,13009572,0,0,6715,132,4435.5,0.0,30378321,45053,14271502
T,mail,direct,1000,4,29.00,flood,13421796,0,0,6892,132,5435.6,0.0,31465021,45053,14271502
T,mail,direct,1000,4,30.00,flood,13825455,0,0,7065,132,6435.8,0.0,32562697,45053,14271502
T,mail,direct,1000,4,31.00,flood,14250860,0,0,7247,132,7435.9,0.0,33645906,45053,14271502
T,mail,direct,1000,4,32.00,flood,14687532,0,0,7434,132,8436.0,0.0,34721695,45053,14271502
T,mail,direct,1000,4,33.00,flood,15122560,0,0,7621,132,9436.1,0.0,35797001,45053,14271502
T,mail,direct,1000,4,34.00,flood,15561711,0,0,7809,132,10436.2,0.0,36871830,45053,14271502
T,mail,direct,1000,4,35.00,flood,15992023,0,0,7994,132,11436.4,0.0,37933220,45053,14271502
T,mail,direct,1000,4,36.00,flood,16420359,0,0,8178,132,12436.5,0.0,38996491,45053,14271502
T,mail,direct,1000,4,37.01,flood,16850450,0,0,8362,132,13436.6,0.0,40055848,45053,14271502
T,mail,direct,1000,4,38.01,recover,14467942,0,0,8362,133,11.5,14425.3,40055883,49148,25516356
T,mail,direct,1000,4,39.01,recover,12734648,0,0,8362,133,1011.6,0.0,40055883,49148,25516356
T,mail,direct,1000,4,40.01,recover,11074786,0,0,8362,133,2011.7,0.0,40055883,49148,25516356
T,mail,direct,1000,4,41.01,recover,9467553,0,0,8362,133,3011.8,0.0,40055883,49148,25516356
T,mail,direct,1000,4,42.01,recover,7913785,0,0,8362,133,4011.9,0.0,40055883,49148,25516356
T,mail,direct,1000,4,43.01,recover,6427387,0,0,8362,133,5012.0,0.0,40055883,49148,25516356
T,mail,direct,1000,4,44.01,recover,4939071,0,0,8362,133,6012.1,0.0,40055883,49148,25516356
T,mail,direct,1000,4,45.01,recover,3464680,0,0,8362,133,7012.2,0.0,40055883,49148,25516356
T,mail,direct,1000,4,46.01,recover,2063449,0,0,8362,133,8012.3,0.0,40055883,49148,25516356
T,mail,direct,1000,4,47.01,recover,644930,0,0,8362,133,9012.3,0.0,40055883,49148,25516356
T,mail,direct,1000,4,48.01,recover,0,0,0,7627,163,15.3,9512.0,40055883,53243,40002640
T,mail,direct,1000,4,49.01,recover,0,0,0,7627,164,0.0,0.1,40055883,53243,40002640
S,mail,direct,8,1000,4,35.99,memory_cap,90,13,377855,14425279,1113092,16850450,0,8362,23,9.512,9.512,40055883,53243,40002640,40002640,0,0,6,0
T,buffer,direct,1000,4,1.00,baseline,0,0,0,23,59,12.5,0.1,0,0,0
T,buffer,direct,1000,4,2.00,baseline,0,0,0,23,119,7.9,0.1,0,0,0
T,buffer,direct,1000,4,3.00,flood,0,4096,0,46,179,3.2,1.6,1724930,15104,1704421
T,buffer,direct,1000,4,4.00,flood,0,4096,0,47,238,15.2,1.7,3525367,30208,3465254
T,buffer,direct,1000,4,5.00,flood,0,4096,0,49,298,11.0,1.5,5368222,45568,5301575
T,buffer,direct,1000,4,6.00,flood,0,4096,0,50,358,7.6,1.5,7253242,60928,7176487
T,buffer,direct,1000,4,7.00,flood,0,4096,0,50,418,4.2,1.6,9143957,76288,9060001
T,buffer,direct,1000,4,8.00,flood,0,1066,0,51,478,0.8,1.3,10952055,91392,10829459
T,buffer,direct,1000,4,9.00,flood,0,4096,0,51,537,14.0,1.3,12758486,106752,12626452
T,buffer,direct,1000,4,10.00,flood,0,4096,0,52,597,10.2,1.3,14543115,122112,14403266
T,buffer,direct,1000,4,11.00,flood,0,4096,0,52,657,5.5,1.5,16324101,137472,16176715
T,buffer,direct,1000,4,12.00,flood,0,1228,0,52,717,0.9,1.6,18133219,152576,17951242
T,buffer,direct,1000,4,13.00,flood,0,4096,0,52,776,12.9,1.8,19940292,167936,19748268
T,buffer,direct,1000,4,14.00,flood,0,4096,0,52,836,8.3,1.7,21747396,183296,21548932
T,buffer,direct,1000,4,15.00,flood,0,4096,0,52,896,3.6,1.5,23576020,198656,23371085
T,buffer,direct,1000,4,16.00,flood,0,4096,0,53,955,15.6,1.6,25357743,213760,25116287
T,buffer,direct,1000,4,17.00,flood,0,4096,0,53,1015,10.9,1.7,27145139,229120,26896455
T,buffer,direct,1000,4,18.00,flood,0,4096,0,53,1075,6.2,1.6,28944406,244480,28688044
T,buffer,direct,1000,4,19.00,flood,0,2539,0,53,1135,1.5,1.5,30778632,259840,30516162
T,buffer,direct,1000,4,20.00,flood,0,4096,0,53,1194,13.7,1.8,32572003,274944,32272681
T,buffer,direct,1000,4,21.00,flood,0,4096,0,53,1254,8.9,1.5,34419138,290304,34112620
T,buffer,direct,1000,4,22.00,flood,0,4096,0,53,1314,4.3,1.5,36228719,305664,35914755
T,buffer,direct,1000,4,23.00,flood,0,770,0,54,1374,0.5,1.7,38162267,320768,37808087
T,buffer,direct,1000,4,24.00,flood,0,4096,0,54,1433,13.8,1.5,40015128,336128,39654187
T,buffer,direct,1000,4,25.00,flood,0,4096,0,54,1493,10.3,1.4,41825876,351488,41455723
T,buffer,direct,1000,4,26.00,flood,0,4096,0,54,1553,6.9,1.4,43638702,366848,43259378
T,buffer,direct,1000,4,27.00,flood,0,4096,0,54,1613,3.4,1.5,45444576,382208,45056386
T,buffer,direct,1000,4,28.00,flood,0,4096,0,54,1672,16.6,1.4,47229539,397312,46802601
T,buffer,direct,1000,4,29.00,flood,0,4096,0,54,1732,13.1,1.4,49035750,412672,48599512
T,buffer,direct,1000,4,30.00,flood,0,4096,0,54,1792,9.7,1.4,50824999,428032,50379751
T,buffer,direct,1000,4,31.00,flood,0,4096,0,54,1852,6.3,1.4,52580959,443392,52125617
T,buffer,direct,1000,4,32.00,flood,0,4096,0,55,1912,2.8,1.5,54504973,458752,54040905
T,buffer,direct,1000,4,33.01,recover,0,0,0,55,1944,0.0,1.2,54532397,459008,54073389
S,buffer,direct,8,1000,4,30.01,time,98,1793,1185,1820,1817163,0,4096,54,23,0.017,0.017,54532397,459008,54073389,47188269,6885120,0,0,0
T,shard,direct,1000,4,1.00,baseline,0,0,0,23,59,13.3,0.1,0,0,0
T,shard,direct,1000,4,2.00,baseline,0,0,0,23,119,9.9,0.1,0,0,0
T,shard,direct,1000,4,3.00,flood,0,1024,0,44,179,6.4,0.8,2449250,15104,2417127
T,shard,direct,1000,4,4.00,flood,0,1024,0,45,239,2.9,0.5,4971444,30464,4934337
T,shard,direct,1000,4,5.00,flood,0,1024,0,46,298,16.1,0.6,7486148,45568,7400048
T,shard,direct,1000,4,6.00,flood,0,1024,0,47,358,11.5,0.7,9995861,60928,9904686
T,shard,direct,1000,4,7.00,flood,0,1024,0,47,418,6.9,0.6,12554690,76288,12462739
T,shard,direct,1000,4,8.00,flood,0,1024,0,48,478,2.2,0.6,15077475,91648,14980802
T,shard,direct,1000,4,9.00,flood,0,1024,0,48,537,14.3,0.7,17630568,106752,17485714
T,shard,direct,1000,4,10.00,flood,0,1024,0,48,597,10.6,0.5,20179646,122112,20030677
T,shard,direct,1000,4,11.00,flood,0,1024,0,48,657,7.1,0.5,22711680,137472,22556255
T,shard,direct,1000,4,12.00,flood,0,1024,0,49,717,2.8,0.5,25278712,152832,25118841
T,shard,direct,1000,4,13.00,flood,0,1024,0,50,776,15.0,0.6,27791185,167936,27585011
T,shard,direct,1000,4,14.00,flood,0,1024,0,51,836,10.3,0.6,30309347,183296,30100320
T,shard,direct,1000,4,15.00,flood,0,1024,0,51,896,5.7,0.6,32848041,198656,32634459
T,shard,direct,1000,4,16.00,flood,0,1024,0,51,956,1.1,0.8,35350655,214016,35134171
T,shard,direct,1000,4,17.00,flood,0,1024,0,51,1015,13.5,0.7,37919179,229120,37656128
T,shard,direct,1000,4,18.00,flood,0,1024,0,52,1075,10.1,0.6,40495765,244480,40224523
T,shard,direct,1000,4,19.00,flood,0,1024,0,52,1135,6.7,0.7,43056095,259840,42778778
T,shard,direct,1000,4,20.00,flood,0,1024,0,52,1195,3.3,0.5,45588947,275200,45305510
T,shard,direct,1000,4,21.00,flood,0,1024,0,52,1254,16.6,0.5,48194891,290304,47859533
T,shard,direct,1000,4,22.00,flood,0,1024,0,52,1314,13.2,0.5,50765708,305664,50426607
T,shard,direct,1000,4,23.00,flood,0,1024,0,52,1374,9.8,0.5,53313320,321024,52967744
T,shard,direct,1000,4,24.00,flood,0,1024,0,52,1434,6.4,0.5,55863256,336384,55511769
T,shard,direct,1000,4,25.00,flood,0,1024,0,52,1494,3.0,1.0,58453104,351744,58093840
T,shard,direct,1000,4,26.00,flood,0,1024,0,52,1553,16.3,0.5,61017466,366848,60608419
T,shard,direct,1000,4,27.00,flood,0,1024,0,52,1613,12.2,0.8,63515175,382208,63103144
T,shard,direct,1000,4,28.00,flood,0,1024,0,52,1673,7.6,0.5,65986469,397568,65571004
T,shard,direct,1000,4,29.00,flood,0,1024,0,52,1733,3.0,0.7,68476672,412928,68056689
T,shard,direct,1000,4,30.00,flood,0,1024,0,52,1792,16.2,0.5,70954934,428032,70489549
T,shard,direct,1000,4,31.00,flood,0,1024,0,52,1852,12.7,0.5,73436084,443392,72961056
T,shard,direct,1000,4,32.00,flood,0,1024,0,53,1912,9.3,0.7,75914605,458752,75433212
T,shard,direct,1000,4,33.00,recover,0,0,0,53,1943,0.0,0.4,75932812,459008,75473804
S,shard,direct,8,1000,4,30.00,time,45,1793,388,994,2530686,0,1024,52,23,0.017,0.000,75932812,459008,75473804,74094751,1379053,0,0,0
T,mailroot,direct,1000,4,1.00,baseline,0,0,0,23,59,12.7,0.1,0,0,0
T,mailroot,direct,1000,4,2.00,baseline,0,0,0,23,119,8.0,0.1,0,0,0
T,mailroot,direct,1000,4,3.00,flood,2,0,0,38,120,991.3,0.1,529955,0,0
T,mailroot,direct,1000,4,4.00,flood,85,0,0,43,120,1991.4,0.0,1039180,0,0
T,mailroot,direct,1000,4,5.00,flood,4,0,0,43,120,2991.6,0.0,1549980,0,0
T,mailroot,direct,1000,4,6.00,flood,22,0,0,43,120,3991.7,0.0,2063254,0,0
T,mailroot,direct,1000,4,7.00,flood,3,0,0,43,120,4991.8,0.0,2574451,0,0
T,mailroot,direct,1000,4,8.00,flood,3,0,0,43,120,5991.9,0.0,3085591,0,0
T,mailroot,direct,1000,4,9.00,flood,6,0,0,43,120,6992.1,0.0,3598301,0,0
T,mailroot,direct,1000,4,10.00,flood,31,0,0,43,120,7992.2,0.0,4108903,0,0
T,mailroot,direct,1000,4,11.00,flood,6,0,0,43,120,8992.3,0.0,4621250,0,0
T,mailroot,direct,1000,4,12.00,flood,22,0,0,43,120,9992.4,0.0,5133550,0,0
T,mailroot,direct,1000,4,13.00,flood,44,0,0,43,120,10992.5,0.0,5643321,0,0
T,mailroot,direct,1000,4,14.00,flood,3,0,0,43,120,11992.6,0.0,6153140,0,0
T,mailroot,direct,1000,4,15.00,flood,5,0,0,43,120,12992.7,0.0,6663628,0,0
T,mailroot,direct,1000,4,16.00,flood,3,0,0,43,120,13992.8,0.0,7177613,0,0
T,mailroot,direct,1000,4,17.00,flood,7,0,0,43,120,14992.9,0.0,7690230,0,0
T,mailroot,direct,1000,4,18.00,flood,3,0,0,43,120,15993.1,0.0,8204941,0,0
T,mailroot,direct,1000,4,19.00,flood,3,0,0,43,120,16993.2,0.0,8714125,0,0
T,mailroot,direct,1000,4,20.00,flood,31,0,0,43,120,17993.3,0.0,9226617,0,0
T,mailroot,direct,1000,4,21.00,flood,4,0,0,43,120,18993.4,0.0,9739481,0,0
T,mailroot,direct,1000,4,22.00,flood,65,0,0,43,120,19993.6,0.0,10251192,0,0
T,mailroot,direct,1000,4,23.00,flood,2,0,0,43,120,20993.7,0.0,10764875,0,0
T,mailroot,direct,1000,4,24.00,flood,5,0,0,43,120,21993.9,0.0,11277457,0,0
T,mailroot,direct,1000,4,25.00,flood,2,0,0,43,120,22994.0,0.0,11787482,0,0
T,mailroot,direct,1000,4,26.00,flood,8,0,0,43,120,23994.1,0.0,12292960,0,0
T,mailroot,direct,1000,4,27.00,flood,3,0,0,43,120,24994.3,0.0,12758329,0,0
T,mailroot,direct,1000,4,28.00,flood,3,0,0,43,120,25994.5,0.0,13163290,0,0
T,mailroot,direct,1000,4,29.00,flood,3,0,0,43,120,26994.6,0.0,13595571,0,0
T,mailroot,direct,1000,4,30.00,flood,3,0,0,43,120,27994.8,0.0,14105654,0,0
T,mailroot,direct,1000,4,31.00,flood,2,0,0,43,120,28994.9,0.0,14618512,0,0
T,mailroot,direct,1000,4,32.00,flood,35,0,0,43,120,29995.1,0.0,15128030,0,0
T,mailroot,direct,1000,4,33.00,flood,14,0,0,43,120,30995.2,0.0,15640898,0,0
T,mailroot,direct,1000,4,34.00,flood,33,0,0,43,120,31995.4,0.0,16150910,0,0
T,mailroot,direct,1000,4,35.00,flood,2,0,0,43,120,32995.5,0.0,16659290,0,0
T,mailroot,direct,1000,4,36.00,flood,98,0,0,43,120,33995.7,0.0,17178708,0,0
T,mailroot,direct,1000,4,37.00,flood,40,0,0,43,120,34995.8,0.0,17686419,0,0
T,mailroot,direct,1000,4,38.01,flood,13,0,0,43,120,35995.9,0.0,18203347,0,0
T,mailroot,direct,1000,4,39.01,flood,35,0,0,43,120,36996.1,0.0,18721023,0,0
T,mailroot,direct,1000,4,40.01,flood,3,0,0,43,120,37996.2,0.0,19234888,0,0
T,mailroot,direct,1000,4,41.01,flood,3,0,0,43,120,38996.4,0.0,19743851,0,0
T,mailroot,direct,1000,4,42.01,flood,26,0,0,43,120,39996.5,0.0,20255831,0,0
T,mailroot,direct,1000,4,43.01,flood,2,0,0,43,120,40996.7,0.0,20767553,0,0
T,mailroot,direct,1000,4,44.01,flood,34,0,0,43,120,41996.8,0.0,21280099,0,0
T,mailroot,direct,1000,4,45.01,flood,3,0,0,43,120,42997.0,0.0,21793184,0,0
T,mailroot,direct,1000,4,46.01,flood,41,0,0,43,120,43997.1,0.0,22314777,0,0
T,mailroot,direct,1000,4,47.01,flood,50,0,0,43,120,44997.2,0.0,22834297,0,0
T,mailroot,direct,1000,4,48.01,flood,62,0,0,43,120,45997.4,0.0,23353316,0,0
T,mailroot,direct,1000,4,49.01,flood,4,0,0,43,120,46997.5,0.0,23879183,0,0
T,mailroot,direct,1000,4,50.01,flood,76,0,0,43,120,47997.6,0.0,24401470,0,0
T,mailroot,direct,1000,4,51.01,flood,4,0,0,43,120,48997.8,0.0,24923991,0,0
T,mailroot,direct,1000,4,52.01,flood,3,0,0,43,120,49997.9,0.0,25447704,0,0
T,mailroot,direct,1000,4,53.01,flood,3,0,0,43,120,50998.0,0.0,25962778,0,0
T,mailroot,direct,1000,4,54.01,flood,2,0,0,43,120,51999.1,0.0,26416087,0,0
T,mailroot,direct,1000,4,55.01,flood,3,0,0,43,120,52999.3,0.0,26810921,0,0
T,mailroot,direct,1000,4,56.01,flood,2,0,0,43,120,53999.5,0.0,27305427,0,0
T,mailroot,direct,1000,4,57.01,flood,57,0,0,43,120,55001.1,0.0,27693609,0,0
T,mailroot,direct,1000,4,58.01,flood,3,0,0,43,120,56001.3,0.0,28136615,0,0
T,mailroot,direct,1000,4,59.01,flood,2,0,0,43,120,57001.4,0.0,28654246,0,0
T,mailroot,direct,1000,4,60.01,flood,3,0,0,43,120,58001.6,0.0,29173847,0,0
T,mailroot,direct,1000,4,61.01,flood,4,0,0,43,120,59001.7,0.0,29693438,0,0
T,mailroot,direct,1000,4,62.01,flood,58,0,0,43,120,60001.8,0.0,30213504,0,0
T,mailroot,direct,1000,4,63.01,flood,4,0,0,43,120,61001.9,0.0,30735528,0,0
T,mailroot,direct,1000,4,64.01,flood,603,0,0,43,120,62002.1,0.0,31254819,0,0
T,mailroot,direct,1000,4,65.01,flood,3,0,0,43,120,63002.2,0.0,31775555,0,0
T,mailroot,direct,1000,4,66.01,flood,4,0,0,43,120,64002.4,0.0,32297757,0,0
T,mailroot,direct,1000,4,67.01,flood,62,0,0,43,120,65002.5,0.0,32816582,0,0
T,mailroot,direct,1000,4,68.01,flood,3,0,0,43,120,66002.7,0.0,33335296,0,0
T,mailroot,direct,1000,4,69.01,flood,3,0,0,43,120,67002.8,0.0,33857380,0,0
T,mailroot,direct,1000,4,70.01,flood,3,0,0,43,120,68002.9,0.0,34378635,0,0
T,mailroot,direct,1000,4,71.01,flood,47,0,0,43,120,69003.1,0.0,34897567,0,0
T,mailroot,direct,1000,4,72.01,flood,3,0,0,43,120,70003.2,0.0,35411853,0,0
T,mailroot,direct,1000,4,73.01,flood,133,0,0,43,120,71003.3,0.0,35928568,0,0
T,mailroot,direct,1000,4,74.01,flood,77,0,0,43,120,72003.5,0.0,36443331,0,0
T,mailroot,direct,1000,4,75.01,flood,4,0,0,43,120,73003.6,0.0,36958829,0,0
T,mailroot,direct,1000,4,76.01,flood,3,0,0,43,120,74003.8,0.0,37483932,0,0
T,mailroot,direct,1000,4,77.01,flood,3,0,0,43,120,75003.9,0.0,38010424,0,0
T,mailroot,direct,1000,4,78.01,flood,3,0,0,43,120,76004.1,0.0,38544923,0,0
T,mailroot,direct,1000,4,79.01,flood,4,0,0,43,120,77004.2,0.0,39076167,0,0
T,mailroot,direct,1000,4,80.01,flood,7,0,0,43,120,78004.4,0.0,39600064,0,0
T,mailroot,direct,1000,4,81.01,flood,4,0,0,43,120,79004.6,0.0,40122255,0,0
T,mailroot,direct,1000,4,82.01,flood,3,0,0,43,120,80004.7,0.0,40647676,0,0
T,mailroot,direct,1000,4,83.01,flood,4,0,0,43,120,81004.8,0.0,41173475,0,0
T,mailroot,direct,1000,4,84.01,flood,3,0,0,43,120,82005.0,0.0,41695357,0,0
T,mailroot,direct,1000,4,85.01,flood,13,0,0,43,120,83005.1,0.0,42220763,0,0
T,mailroot,direct,1000,4,86.01,flood,3,0,0,43,120,84005.3,0.0,42746499,0,0
T,mailroot,direct,1000,4,87.01,flood,4,0,0,43,120,85005.4,0.0,43268216,0,0
T,mailroot,direct,1000,4,88.01,flood,4,0,0,43,120,86005.6,0.0,43792802,0,0
T,mailroot,direct,1000,4,89.01,flood,2,0,0,43,120,87005.8,0.0,44319121,0,0
T,off,direct,1000,4,1.00,baseline,0,0,0,23,59,13.2,0.1,0,0,0
T,off,direct,1000,4,2.00,baseline,0,0,0,23,119,9.2,0.1,0,0,0
T,off,direct,1000,4,3.00,flood,0,0,0,41,179,5.4,0.7,2692532,0,0
T,off,direct,1000,4,4.00,flood,0,0,0,41,239,2.0,0.1,5456886,0,0
T,off,direct,1000,4,5.00,flood,0,0,0,41,298,15.3,0.1,8202033,0,0
T,off,direct,1000,4,6.00,flood,0,0,0,42,358,11.8,0.1,10915795,0,0
T,off,direct,1000,4,7.00,flood,0,0,0,42,418,8.3,0.1,13691145,0,0
T,off,direct,1000,4,8.00,flood,0,0,0,42,478,4.8,0.1,16387652,0,0
T,off,direct,1000,4,9.00,flood,0,0,0,42,538,1.3,0.1,19135448,0,0
T,off,direct,1000,4,10.00,flood,0,0,0,42,597,14.6,0.1,21908202,0,0
T,off,direct,1000,4,11.00,flood,0,0,0,42,657,11.1,0.1,24692016,0,0
T,off,direct,1000,4,12.00,flood,0,0,0,42,717,7.6,0.1,27470567,0,0
T,off,direct,1000,4,13.00,flood,0,0,0,42,777,4.2,0.1,30191956,0,0
T,off,direct,1000,4,14.00,flood,0,0,0,42,837,0.7,0.1,32913095,0,0
T,off,direct,1000,4,15.00,flood,0,0,0,42,896,13.9,0.1,35636859,0,0
T,off,direct,1000,4,16.00,flood,0,0,0,42,956,10.4,0.1,38336632,0,0
T,off,direct,1000,4,17.00,flood,0,0,0,42,1016,6.9,0.1,41059688,0,0
T,off,direct,1000,4,18.00,flood,0,0,0,42,1076,3.4,0.1,43823160,0,0
T,off,direct,1000,4,19.00,flood,0,0,0,42,1136,0.0,0.1,46550647,0,0
T,off,direct,1000,4,20.00,flood,0,0,0,42,1195,13.2,0.1,49314508,0,0
T,off,direct,1000,4,21.00,flood,0,0,0,42,1255,9.8,0.1,52075951,0,0
T,off,direct,1000,4,22.00,flood,0,0,0,42,1315,6.3,0.1,54764146,0,0
T,off,direct,1000,4,23.00,flood,0,0,0,42,1375,2.9,0.1,57505160,0,0
T,off,direct,1000,4,24.00,flood,0,0,0,42,1434,16.2,0.1,60205385,0,0
T,off,direct,1000,4,25.00,flood,0,0,0,42,1494,12.8,0.1,62898353,0,0
T,off,direct,1000,4,26.00,flood,0,0,0,42,1554,9.3,0.1,65712137,0,0
T,off,direct,1000,4,27.00,flood,0,0,0,42,1614,5.9,0.1,68560513,0,0
T,off,direct,1000,4,28.00,flood,0,0,0,42,1674,2.4,0.1,71290334,0,0
T,off,direct,1000,4,29.00,flood,0,0,0,42,1733,15.7,0.1,73918762,0,0
T,off,direct,1000,4,30.00,flood,0,0,0,42,1793,12.2,0.1,76524404,0,0
T,off,direct,1000,4,31.00,flood,0,0,0,42,1853,8.8,0.1,79249763,0,0
T,off,direct,1000,4,32.00,flood,0,0,0,42,1913,5.3,0.1,81998939,0,0
T,off,direct,1000,4,33.00,recover,0,0,0,42,1944,0.0,0.1,82030056,0,0
S,off,direct,8,1000,4,30.01,time,44,1794,52,670,2733634,0,0,42,23,0.017,0.000,82030056,0,0,0,0,0,0,82030056
T,mail,direct,1000,4,1.00,baseline,0,0,0,23,59,12.5,0.3,0,0,0
T,mail,direct,1000,4,2.00,baseline,0,0,0,23,119,7.8,0.1,0,0,0
T,mail,direct,1000,4,3.00,flood,680768,0,0,351,127,28.5,481.7,1305089,24575,585862
T,mail,direct,1000,4,4.00,flood,1328373,0,0,633,128,67.3,961.3,2645437,28671,1238132
T,mail,direct,1000,4,5.00,flood,1983600,0,0,994,128,1067.5,0.0,4034189,28671,1238132
T,mail,direct,1000,4,6.00,flood,2665856,0,0,1299,129,333.8,1733.8,5406505,32767,2524042
T,mail,direct,1000,4,7.00,flood,3282041,0,0,1573,129,1334.0,0.0,6758548,32767,2524042
T,mail,direct,1000,4,8.00,flood,3900827,0,0,1849,129,2334.2,0.0,8105529,32767,2524042
T,mail,direct,1000,4,9.00,flood,4514885,0,0,2122,129,3334.3,0.0,9449975,32767,2524042
T,mail,direct,1000,4,10.00,flood,5153894,0,0,2408,130,962.5,3372.0,10811954,36863,4920076
T,mail,direct,1000,4,11.00,flood,5755701,0,0,2675,130,1962.6,0.0,12169683,36863,4920076
T,mail,direct,1000,4,12.00,flood,6355376,0,0,2941,130,2962.8,0.0,13520714,36863,4920076
T,mail,direct,1000,4,13.00,flood,6942735,0,0,3202,130,3962.9,0.0,14849113,36863,4920076
T,mail,direct,1000,4,14.00,flood,7471870,0,0,3438,130,4963.1,0.0,16005549,36863,4920076
T,mail,direct,1000,4,15.00,flood,8048016,0,0,3694,130,5963.2,0.0,17238587,36863,4920076
T,mail,direct,1000,4,16.00,flood,8434630,0,0,3866,131,100.1,6863.2,17966603,40958,9458951
T,mail,direct,1000,4,17.00,flood,9033647,0,0,4131,131,1100.3,0.0,19230029,40958,9458951
T,mail,direct,1000,4,18.00,flood,9644739,0,0,4401,131,2100.4,0.0,20553987,40958,9458951
T,mail,direct,1000,4,19.00,flood,10260978,0,0,4673,131,3100.6,0.0,21877041,40958,9458951
T,mail,direct,1000,4,20.00,flood,10871906,0,0,4943,131,4100.7,0.0,23192286,40958,9458951
T,mail,direct,1000,4,21.00,flood,11480035,0,0,5211,131,5100.9,0.0,24506300,40958,9458951
T,mail,direct,1000,4,22.00,flood,12084818,0,0,5479,131,6101.0,0.0,25820384,40958,9458951
T,mail,direct,1000,4,23.00,flood,12696013,0,0,5749,131,7101.2,0.0,27129665,40958,9458951
T,mail,direct,1000,4,24.00,flood,13309835,0,0,6020,131,8101.4,0.0,28433340,40958,9458951
T,mail,direct,1000,4,25.00,flood,13928093,0,0,6293,131,9101.5,0.0,29736073,40958,9458951
T,mail,direct,1000,4,26.00,flood,14512364,0,0,6552,131,10101.7,0.0,30978244,40958,9458951
T,mail,direct,1000,4,27.00,flood,15033640,0,0,6782,131,11101.8,0.0,32020102,40958,9458951
T,mail,direct,1000,4,28.00,flood,15730062,0,0,7091,131,12102.0,0.0,33343595,40958,9458951
T,mail,direct,1000,4,29.00,flood,16447284,0,0,7410,132,563.0,12539.2,34681302,45053,17837487
T,mail,direct,1000,4,30.00,flood,17150747,0,0,7721,132,1563.1,0.0,36019591,45053,17837487
T,mail,direct,1000,4,31.00,flood,17802850,0,0,8008,132,2563.3,0.0,37348500,45053,17837487
T,mail,direct,1000,4,32.00,flood,18434180,0,0,8287,132,3563.4,0.0,38675273,45053,17837487
T,mail,direct,1000,4,33.01,flood,16189551,0,0,8287,132,4563.6,0.0,38675329,45053,17837487
T,mail,direct,1000,4,34.01,flood,13960028,0,0,8287,132,5563.7,0.0,38675329,45053,17837487
T,mail,direct,1000,4,35.01,flood,11719763,0,0,8287,132,6563.8,0.0,38675329,45053,17837487
T,mail,direct,1000,4,36.01,flood,9453001,0,0,8287,132,7563.9,0.0,38675329,45053,17837487
T,mail,direct,1000,4,37.01,flood,7200777,0,0,8287,132,8564.0,0.0,38675329,45053,17837487
T,mail,direct,1000,4,38.01,flood,6050396,0,0,8287,132,9565.5,0.0,38675329,45053,17837487
T,mail,direct,1000,4,39.01,flood,5052553,0,0,8287,132,10565.7,0.0,38675329,45053,17837487
T,mail,direct,1000,4,40.01,recover,3921518,0,0,8287,133,705.3,10860.6,38675329,49148,33872043
T,mail,direct,1000,4,41.01,recover,2640386,0,0,8287,133,1705.5,0.0,38675329,49148,33872043
T,mail,direct,1000,4,42.01,recover,1233954,0,0,8287,133,2705.6,0.0,38675329,49148,33872043
T,mail,direct,1000,4,43.01,recover,34314,0,0,8287,133,3705.8,0.0,38675329,49148,33872043
T,mail,direct,1000,4,44.01,recover,0,0,0,7142,179,3.1,3947.9,38675329,53243,38622086
T,mail,direct,1000,4,45.01,recover,0,0,0,7142,238,15.1,2.1,38675329,53243,38622086
T,mail,direct,1000,4,46.01,recover,0,0,0,7142,298,8.8,2.2,38675329,53243,38622086
T,mail,direct,1000,4,47.01,recover,0,0,0,7142,358,3.0,1.1,38675329,53243,38622086
T,mail,direct,1000,4,48.01,recover,0,0,0,7142,417,15.5,1.6,38675329,53243,38622086
T,mail,direct,1000,4,49.01,recover,0,0,0,7142,420,0.0,0.1,38675329,53243,38622086
S,mail,direct,8,1000,4,37.29,memory_cap,96,13,481693,12539183,1037072,18434180,0,8286,23,3.948,8.239,38675329,53243,38622086,38622086,0,0,5,0
T,buffer,direct,1000,4,1.00,baseline,0,0,0,23,59,13.1,0.1,0,0,0
T,buffer,direct,1000,4,2.00,baseline,0,0,0,23,119,9.6,0.2,0,0,0
T,buffer,direct,1000,4,3.00,flood,0,4096,0,47,179,5.0,1.9,1696942,15104,1673170
T,buffer,direct,1000,4,4.00,flood,0,1354,0,48,239,0.8,2.1,3339376,30208,3274221
T,buffer,direct,1000,4,5.00,flood,0,4096,0,48,298,13.7,1.7,5218105,45568,5148656
T,buffer,direct,1000,4,6.00,flood,0,4096,0,49,358,10.1,3.0,7086868,60928,7010404
T,buffer,direct,1000,4,7.00,flood,0,4096,0,49,418,6.4,1.8,9068482,76288,8979525
T,buffer,direct,1000,4,8.00,flood,0,4096,0,50,478,3.0,1.6,11003767,91648,10906622
T,buffer,direct,1000,4,9.00,flood,0,4096,0,50,537,15.9,1.7,12904346,106752,12771412
T,buffer,direct,1000,4,10.00,flood,0,4096,0,50,597,12.2,1.6,14920138,122112,14772504
T,buffer,direct,1000,4,11.00,flood,0,4096,0,50,657,8.9,1.6,16858952,137472,16704309
T,buffer,direct,1000,4,12.00,flood,0,4096,0,51,717,5.4,1.5,18835100,152832,18671363
T,buffer,direct,1000,4,13.00,flood,0,2477,0,51,777,1.4,1.6,20861529,168192,20690750
T,buffer,direct,1000,4,14.00,flood,0,4096,0,51,836,13.9,1.5,22812585,183296,22602674
T,buffer,direct,1000,4,15.00,flood,0,4096,0,51,896,10.3,1.8,24792035,198656,24571846
T,buffer,direct,1000,4,16.00,flood,0,4096,0,52,956,6.2,2.1,26592169,214016,26368188
T,buffer,direct,1000,4,17.00,flood,0,4096,0,52,1016,2.3,2.2,28368450,229376,28134480
T,buffer,direct,1000,4,18.00,flood,0,4096,0,53,1075,15.5,1.6,30275752,244480,30004021
T,buffer,direct,1000,4,19.00,flood,0,4096,0,53,1135,12.1,1.5,32342392,259840,32058554
T,buffer,direct,1000,4,20.00,flood,0,4096,0,53,1195,8.6,1.5,34332389,275200,34039922
T,buffer,direct,1000,4,21.00,flood,0,4096,0,53,1255,5.0,1.7,36202390,290560,35904728
T,buffer,direct,1000,4,22.00,flood,0,605,0,53,1315,0.6,2.7,37567015,305664,37237921
T,buffer,direct,1000,4,23.00,flood,0,4096,0,53,1374,13.3,2.2,38872639,321024,38535112
T,buffer,direct,1000,4,24.00,flood,0,4096,0,53,1434,9.2,2.0,40316395,336384,39965535
T,buffer,direct,1000,4,25.00,flood,0,4096,0,53,1494,5.2,2.0,42065607,351744,41704779
T,buffer,direct,1000,4,26.00,flood,0,2476,0,53,1554,1.5,1.7,43977385,367104,43607670
T,buffer,direct,1000,4,27.00,flood,0,4096,0,53,1613,14.6,1.6,46000272,382208,45589056
T,buffer,direct,1000,4,28.00,flood,0,4096,0,54,1673,11.2,1.7,48003393,397568,47582879
T,buffer,direct,1000,4,29.00,flood,0,4096,0,54,1733,7.5,1.7,49900504,412928,49474544
T,buffer,direct,1000,4,30.00,flood,0,4096,0,54,1793,3.3,2.8,51654357,428288,51220490
T,buffer,direct,1000,4,31.00,flood,0,4096,0,54,1852,16.1,1.9,53510659,443392,53032905
T,buffer,direct,1000,4,32.01,flood,0,4096,0,54,1912,12.5,1.4,55558542,458752,55074988
T,buffer,direct,1000,4,33.01,recover,0,0,0,54,1944,0.0,1.1,55566889,459008,55107881
S,buffer,direct,8,1000,4,30.00,time,96,1793,1182,3000,1852119,0,4096,54,23,0.017,0.017,55566889,459008,55107881,48222761,6885120,0,0,0
T,shard,direct,1000,4,1.00,baseline,0,0,0,23,59,13.1,0.2,0,0,0
T,shard,direct,1000,4,2.00,baseline,0,0,0,23,119,9.6,0.1,0,0,0
T,shard,direct,1000,4,3.00,flood,0,1024,0,44,179,6.0,0.8,2625468,15104,2593147
T,shard,direct,1000,4,4.00,flood,0,1024,0,46,239,1.5,0.6,5274896,30464,5240591
T,shard,direct,1000,4,5.00,flood,0,1024,0,46,298,14.6,0.5,7948133,45568,7862764
T,shard,direct,1000,4,6.00,flood,0,1024,0,47,358,11.0,0.7,10612910,60928,10522332
T,shard,direct,1000,4,7.00,flood,0,1024,0,47,418,7.4,0.7,13320660,76288,13225320
T,shard,direct,1000,4,8.00,flood,0,1024,0,48,478,4.0,0.5,15990789,91648,15889468
T,shard,direct,1000,4,9.00,flood,0,1024,0,49,538,0.6,0.7,18736250,107008,18627915
T,shard,direct,1000,4,10.00,flood,0,1024,0,49,597,13.6,0.6,21426491,122112,21268032
T,shard,direct,1000,4,11.00,flood,0,1024,0,49,657,9.7,0.7,24075895,137472,23912107
T,shard,direct,1000,4,12.00,flood,0,1024,0,49,717,6.1,0.8,26744920,152832,26576034
T,shard,direct,1000,4,13.00,flood,0,1024,0,49,777,2.6,0.7,29257546,168192,29083658
T,shard,direct,1000,4,14.00,flood,0,1024,0,49,836,15.8,0.6,32163429,183296,31937563
T,shard,direct,1000,4,15.00,flood,0,1024,0,49,896,12.4,0.5,34833241,198656,34600955
T,shard,direct,1000,4,16.00,flood,0,1024,0,50,956,8.8,0.6,37624767,214016,37385362
T,shard,direct,1000,4,17.00,flood,0,1024,0,50,1016,5.2,0.7,40497994,229376,40254650
T,shard,direct,1000,4,18.00,flood,0,1024,0,50,1076,1.6,0.7,43174607,244736,42925938
T,shard,direct,1000,4,19.00,flood,0,1024,0,50,1135,14.7,0.6,45798134,259840,45500876
T,shard,direct,1000,4,20.00,flood,0,1024,0,51,1195,11.0,0.6,48514554,275200,48209696
T,shard,direct,1000,4,21.00,flood,0,1024,0,51,1255,7.6,0.7,51155771,290560,50848125
T,shard,direct,1000,4,22.00,flood,0,1024,0,51,1315,4.1,0.7,53811020,305920,53494836
T,shard,direct,1000,4,23.00,flood,0,790,0,51,1375,0.5,0.7,56416291,321280,56094146
T,shard,direct,1000,4,24.00,flood,0,1024,0,51,1434,13.8,0.6,59055719,336384,58682035
T,shard,direct,1000,4,25.00,flood,0,1024,0,51,1494,10.3,0.6,61709302,351744,61327684
T,shard,direct,1000,4,26.00,flood,0,1024,0,51,1554,6.8,0.5,64402737,367104,64017349
T,shard,direct,1000,4,27.00,flood,0,1024,0,51,1614,3.3,0.5,67027438,382464,66635559
T,shard,direct,1000,4,28.00,flood,0,1024,0,51,1674,0.0,0.7,69653780,397568,69214191
T,shard,direct,1000,4,29.00,flood,0,1024,0,51,1733,13.2,0.9,72225451,412928,71780355
T,shard,direct,1000,4,30.00,flood,0,1024,0,51,1793,9.4,0.7,74738976,428288,74286869
T,shard,direct,1000,4,31.00,flood,0,1024,0,51,1853,5.9,0.7,77391832,443648,76932027
T,shard,direct,1000,4,32.00,flood,0,1024,0,51,1913,2.5,0.7,80001763,459008,79536131
T,shard,direct,1000,4,33.00,recover,0,0,0,51,1944,0.0,0.3,80040306,459264,79581042
S,shard,direct,8,1000,4,30.01,time,51,1794,360,899,2667017,0,1024,51,23,0.017,0.000,80040306,459264,79581042,78200457,1380585,0,0,0
T,mailroot,direct,1000,4,1.00,baseline,0,0,0,23,59,13.2,0.1,0,0,0
T,mailroot,direct,1000,4,2.00,baseline,0,0,0,23,119,9.0,0.2,0,0,0
T,mailroot,direct,1000,4,3.00,flood,254,0,0,58,179,5.1,5.3,682084,241664,437375
T,mailroot,direct,1000,4,4.00,flood,461,0,0,60,239,1.4,4.0,1303828,483328,808917
T,mailroot,direct,1000,4,5.00,flood,4,0,0,60,298,14.5,3.6,1927490,729088,1189135
T,mailroot,direct,1000,4,6.00,flood,439,0,0,61,358,10.9,4.6,2562020,974848,1580054
T,mailroot,direct,1000,4,7.00,flood,3,0,0,61,418,7.3,4.5,3198783,1220608,1973457
T,mailroot,direct,1000,4,8.00,flood,277,0,0,61,478,3.9,3.4,3827265,1466368,2358434
T,mailroot,direct,1000,4,9.00,flood,174,0,0,62,538,0.3,5.6,4460840,1708032,2742350
T,mailroot,direct,1000,4,10.00,flood,144,0,0,62,597,13.1,5.4,5085915,1953792,3124357
T,mailroot,direct,1000,4,11.00,flood,609,0,0,63,657,9.7,3.5,5721036,2199552,3515292
T,mailroot,direct,1000,4,12.00,flood,3,0,0,63,717,6.3,2.9,6356932,2445312,3907540
T,mailroot,direct,1000,4,13.00,flood,92,0,0,63,777,2.8,3.8,6993436,2691072,4300513
T,mailroot,direct,1000,4,14.00,flood,4,0,0,63,836,16.0,3.0,7638254,2932736,4695134
T,mailroot,direct,1000,4,15.00,flood,1,0,0,63,896,11.1,15.1,8093516,3178496,4911069
T,mailroot,direct,1000,4,16.00,flood,3,0,0,63,956,7.7,5.5,8585138,3424256,5157271
T,mailroot,direct,1000,4,17.00,flood,3,0,0,63,1016,4.2,3.7,9086956,3670016,5414804
T,mailroot,direct,1000,4,18.00,flood,381,0,0,63,1076,0.8,3.3,9601643,3911680,5680865
T,mailroot,direct,1000,4,19.00,flood,2,0,0,63,1135,13.6,3.5,10130051,4157440,5965706
T,mailroot,direct,1000,4,20.00,flood,4,0,0,63,1195,9.7,3.8,10622909,4403200,6215605
T,mailroot,direct,1000,4,21.00,flood,2,0,0,64,1255,6.1,3.8,11123980,4648960,6471931
T,mailroot,direct,1000,4,22.00,flood,239,0,0,64,1315,2.4,2.8,11632892,4890624,6732501
T,mailroot,direct,1000,4,23.00,flood,61,0,0,64,1374,15.4,4.0,12134988,5136384,6991250
T,mailroot,direct,1000,4,24.00,flood,3,0,0,64,1434,11.7,6.1,12626878,5382144,7238956
T,mailroot,direct,1000,4,25.00,flood,3,0,0,64,1494,7.9,4.4,13115162,5627904,7483322
T,mailroot,direct,1000,4,26.00,flood,3,0,0,64,1554,4.2,3.9,13609833,5873664,7734111
T,mailroot,direct,1000,4,27.00,flood,133,0,0,64,1614,0.3,3.4,14095449,6115328,7971747
T,mailroot,direct,1000,4,28.00,flood,3,0,0,64,1673,13.4,4.5,14597627,6361088,8229742
T,mailroot,direct,1000,4,29.01,flood,2,0,0,64,1733,9.5,4.0,15102029,6606848,8490366
T,mailroot,direct,1000,4,30.01,flood,3,0,0,64,1793,6.0,4.1,15603660,6852608,8747969
T,mailroot,direct,1000,4,31.01,flood,27,0,0,64,1853,2.4,3.2,16092435,7098368,8992986
T,mailroot,direct,1000,4,32.01,flood,2,0,0,64,1912,15.5,2.9,16588947,7340032,9241125
T,mailroot,direct,1000,4,33.01,recover,0,0,0,64,1945,0.0,2.4,16597958,7348224,9249734
S,mailroot,direct,8,1000,4,30.02,time,46,1794,2296,15077,552982,609,0,63,23,0.017,0.017,16597958,7348224,9249734,9249734,0,0,0,0
